latitude,longitude,altitude,accuracy,department,municipality,salary (hh)
14.64,-90.5,1499.6,10,30,501,7
14.93,-91.69,0,10,9,101,1
14.57,-90.74,0,1300,3,135,3
14.77,-91.22,2204.7,10,7,151,-1
  .  ,   .  ,     .  ,    .  ,3,2,3
14.83,-91.54,2377.9,10,9,90,4
16.81,-89.82,214.8,10,17,88,5
14.83,-91.51,2337.9,10,9,90,7
14.67,-90.82,1771.2,13.21,4,17,9
14.98,-91.55,2672.3,10,9,104,3
14.63,-90.67,2065.8,10,3,2,4
14.58,-90.74,1518.3,10,3,135,6
15.09,-91.46,2060.1,10,8,167,1
  .  ,   .  ,     .  ,    .  ,30,511,2
14.84,-91.5,2342.8,10,9,90,4
15.36,-90.48,1417.3,10,16,5,5
  .  ,   .  ,     .  ,    .  ,30,512,2
14.86,-90.07,499.9,10,24,29,1
14.57,-90.49,1544,10,1,51,4
14.55,-90.73,1534.6,10,3,135,5
14.79,-91.48,2097.4,10,9,109,2
14.86,-91.52,2367,10,9,90,5
14.56,-90.73,1560.8,10,3,135,8
  .  ,   .  ,     .  ,    .  ,30,512,7
14.72,-92.04,98.3,10,12,137,3
14.58,-91.62,400.7,10,25,127,2
14.83,-91.54,2271.3,10,9,90,5
14.65,-90.79,1779.4,10,4,24,4
14.85,-91.51,2375.8,10,9,90,8
14.86,-91.54,2779.9,10,9,90,8
14.82,-89.39,430.3,13.23,20,25,3
14.83,-91.54,2378.5,10,9,90,1
14.57,-90.73,1567.5,10,3,135,2
14.55,-90.73,1492.4,10,3,135,7
14.83,-91.53,2367.5,10,9,90,5
14.59,-90.53,1464.53,10,30,513,3
14.84,-91.53,2373.4,10,9,90,7
  .  ,   .  ,     .  ,    .  ,30,512,4
14.58,-90.74,0,68.4,3,135,11
14.64,-89.73,809,10,21,75,3
14.85,-91.51,2368.5,10,9,90,8
13.93,-91.15,-3.4,10,23,34,5
14.55,-90.74,1519.5,10,3,135,-1
14.57,-90.73,1591.1,10,3,135,-1
14.87,-91.63,2494.8,10,9,99,-1
14.57,-90.74,1559.6,10,3,135,-2
14.86,-91.53,2384,10,9,90,1
14.64,-90.5,1496,10,30,501,-1
14.18,-89.74,684.9,10,22,80,6
14.58,-90.74,1516.3,10,3,135,3
  .  ,   .  ,     .  ,    .  ,30,505,3
14.57,-90.73,1549.8,10,3,135,4
14.83,-91.51,2362.9,10,9,90,3
14.57,-90.74,2288.4,10,3,135,5
14.64,-89.44,740.7,10,20,28,4
14.77,-90.45,1138.2,10,1,49,4
  .  ,   .  ,     .  ,    .  ,30,511,7
14.55,-90.74,1631.6,12.51,3,135,7
14.57,-90.73,1584.8,10,3,135,3
14.23,-90.95,173,5,23,32,3
14.59,-91.52,615,10,10,161,3
14.85,-91.52,2365.6,10,9,90,5
15.31,-91.5,1889.7,30.02,13,58,1
16.2,-89.44,520.5,10,17,87,7
  .  ,   .  ,     .  ,    .  ,3,132,6
14.66,-90.82,1805.6,10,4,17,2
14.84,-91.53,2344.8,10,9,90,-1
14.49,-90.71,2075.2,10,3,130,1
14.93,-90.15,371.9,10,24,30,-1
14.85,-91.51,2320.9,10,9,90,3
14.57,-90.73,1620.3,10,3,135,3
15.13,-91.23,1900.8,10,8,166,4
14.63,-90.46,1540.9,10,30,516,-2
14.65,-91.56,894.2,10,9,108,3
14.83,-91.51,2322.8,10,9,90,7
14.57,-90.74,0,1500,3,135,5
14.6,-90.52,1519,17.33,27,148,7
14.57,-90.73,1575.6,10,3,135,2
14.86,-91.52,2392.4,10,9,90,5
14.57,-90.73,1482.6,10.06,3,135,6
14.53,-91.68,216.8,10,25,125,7
14.86,-91.53,2386.6,10,9,90,7
  .  ,   .  ,     .  ,    .  ,23,35,6
14.85,-91.51,2374.5,10,9,90,5
  .  ,   .  ,     .  ,    .  ,3,135,5
14.63,-90.45,1403.9,10,30,524,2
14.9,-91.61,2449.3,10,9,90,8
15.06,-90.24,1032,10,15,16,7
15.05,-89.58,193.4,10,33,171,6
15.43,-90.33,1361.4,10,16,6,3
14.84,-91.53,2374.2,10,9,90,7
14.57,-90.74,1541.1,10,3,135,6
  .  ,   .  ,     .  ,    .  ,1,44,6
14.67,-90.36,1385.6,10,1,45,-1
14.63,-90.93,2146,10,4,18,-1
14.91,-92.06,406.7,10,12,141,7
  .  ,   .  ,     .  ,    .  ,1,54,-2
15.43,-90.33,1371.8,10,16,6,9
  .  ,   .  ,     .  ,    .  ,30,511,5
14.85,-91.51,2343.5,10,9,90,3
  .  ,   .  ,     .  ,    .  ,9,90,4
15.06,-90.24,1022.4,10,15,16,6
14.57,-90.73,1614.7,21.19,3,135,3
  .  ,   .  ,     .  ,    .  ,3,130,-1
14.8,-89.55,451.4,10,20,26,2
14.94,-91.83,2413.5,10,12,146,5
14.84,-91.52,2337.9,16.64,9,90,7
14.79,-91.92,674.4,10,12,138,3
14.85,-91.51,2335.9,10,9,90,6
14.85,-91.51,2355.2,10,9,90,7
14.57,-90.74,1553.8,10,3,135,3
14.57,-90.74,1565.1,10,3,135,-2
14.96,-91.73,2359.3,10,12,145,4
14.58,-90.74,0,1700,3,135,3
16.66,-90.29,137.2,10,17,89,4
13.93,-91.15,-18.3,10,23,34,5
14.93,-91.91,1034,10,12,142,1
14.81,-91.49,2274,10,9,91,3
14.57,-90.74,1553.1,10,3,135,-1
  .  ,   .  ,     .  ,    .  ,1,46,-1
14.55,-90.74,1532.9,10,3,135,-1
14.18,-89.74,696.8,10,22,80,7
16.81,-89.82,209.6,10,17,88,5
14.57,-90.74,1557.4,10,3,135,7
14.55,-90.74,1542.8,10.78,3,135,5
  .  ,   .  ,     .  ,    .  ,30,507,6
14.82,-90.91,1974.3,10,4,20,2
14.55,-90.74,1532.6,10,3,135,7
14.99,-91.62,2811.2,10,9,94,6
15.36,-91.46,2042.6,10,13,55,5
15.06,-90.24,999.1,10,15,16,1
15.37,-90.43,1391.7,10,16,9,2
14.34,-91.02,399.7,10,23,39,7
14.77,-91.27,2509.3,10,7,153,2
14.69,-90.92,2105.5,10,4,22,1
14.85,-91.52,2347.2,10,9,90,3
14.58,-90.74,0,2000,3,135,4
  .  ,   .  ,     .  ,    .  ,3,135,6
  .  ,   .  ,     .  ,    .  ,30,507,7
  .  ,   .  ,     .  ,    .  ,30,512,6
14.57,-90.74,1685.6,10,3,135,2
14.96,-91.73,2337.9,10,12,145,7
14.52,-90.8,1465.2,10,3,131,2
  .  ,   .  ,     .  ,    .  ,3,135,-2
14.67,-90.46,1658.9,10,30,518,-1
  .  ,   .  ,     .  ,    .  ,3,135,9
  .  ,   .  ,     .  ,    .  ,30,505,8
14.84,-91.54,2365.1,10,9,90,7
14.89,-91.62,2442.4,10,9,92,5
14.83,-91.51,2327.9,10,9,90,7
14.74,-91.21,1658,10,7,152,2
14.86,-91.59,2503.8,10,9,100,8
14.58,-90.74,1505.1,10,3,135,8
14.86,-91.52,2408.1,10,9,90,-1
  .  ,   .  ,     .  ,    .  ,30,511,7
14.66,-89.84,1108.7,46.07,21,76,7
14.77,-90.37,1030.3,10,1,47,7
14.84,-91.53,2374.1,10,9,90,9
14.56,-91.65,321.7,10,25,125,7
15.13,-91.24,1893,11.46,8,166,1
14.8,-89.55,411.5,10,20,26,8
16.93,-89.89,129.2,10,17,83,6
15.32,-90.35,1476.4,10,16,11,3
14.86,-91.53,2382.6,10,9,90,6
14.88,-91.56,2481.2,10,9,106,9
14.63,-90.67,2105.1,10,3,2,3
14.74,-91.21,1937.1,14.86,7,152,3
14.63,-90.44,1508.3,10,30,524,7
  .  ,   .  ,     .  ,    .  ,3,135,8
14.87,-91.56,2503.1,10,9,106,3
15.31,-90.24,1106.2,10,16,10,2
16.65,-89.65,290.5,10,17,82,5
  .  ,   .  ,     .  ,    .  ,1,44,7
14.87,-91.54,2427.3,10,9,90,6
14.91,-92.06,379.1,10,12,141,8
14.96,-91.8,2399.4,10,12,143,7
14.59,-91.52,666.5,10,10,161,5
14.86,-91.93,994.3,10,12,136,3
15.81,-89.87,160.4,10,16,2,6
14.54,-90.54,0,22.69,30,521,-2
14.84,-91.53,2340.9,10,9,90,7
15.01,-91.07,2007.1,10,14,116,7
  .  ,   .  ,     .  ,    .  ,3,2,7
14.57,-90.74,1540,10,3,135,6
14.63,-90.68,2060.6,10,3,132,4
14.83,-91.54,2375.2,10,9,90,7
  .  ,   .  ,     .  ,    .  ,1,53,8
14.65,-90.74,1900.7,10,3,133,3
14.91,-91.36,2684.7,10,8,168,1
  .  ,   .  ,     .  ,    .  ,9,90,-2
16.93,-89.89,164.6,10,17,83,1
14.83,-91.51,2360.1,10,9,90,6
14.58,-90.5,1518.85,10,30,514,5
14.93,-90.15,374,10,24,30,5
15.26,-89.09,110.5,10,18,70,8
14.84,-91.53,2373,10,9,90,5
14.61,-90.53,1525.89,10,30,518,-1
14.57,-90.74,1547.1,10,3,135,8
14.55,-90.73,1495.1,10,3,135,8
16.64,-89.66,282.9,10,17,82,8
  .  ,   .  ,     .  ,    .  ,1,46,-2
14.63,-90,1437.6,10,21,73,6
14.84,-91.51,2356.4,10,9,90,9
14.69,-91.02,2242.1,10,4,601,7
14.55,-90.74,1539.2,10,3,135,-2
14.63,-90.93,2120.8,10,4,18,6
14.86,-91.52,2390.9,10,9,90,3
  .  ,   .  ,     .  ,    .  ,30,507,8
14.84,-91.5,2333.8,10,9,90,2
14.74,-91.21,1642.4,10,7,152,4
14.79,-91.19,0,4200,7,151,7
14.95,-91.44,2624.3,11.65,8,165,4
14.93,-90.14,388.4,10,24,30,6
14.79,-91.92,682.4,10,12,138,6
15.51,-91.87,1706.9,10,13,61,8
15.42,-89.81,953.3,10,16,10,7
13.93,-91.15,17.8,10,23,34,4
14.66,-90.47,1627.8,11.22,30,518,-1
15.83,-88.75,19.4,10,18,69,6
15.01,-91.07,1984.7,10,14,116,3
14.67,-90.48,1448.42,10,30,506,8
14.58,-90.54,1506.28,10,30,513,5
15.03,-91.15,2022.9,10,14,113,4
15.48,-88.83,175.1,10,18,71,-1
14.75,-91.15,1615.8,11.49,7,155,4
14.69,-91.02,2176,10,4,601,3
  .  ,   .  ,     .  ,    .  ,3,135,5
14.31,-90.97,401.5,10,23,38,5
14.67,-90.36,1315.8,10,1,45,8
15.24,-91.5,1733.6,10,13,56,7
14.63,-90.93,2138.4,10,4,22,6
14.84,-91.5,2341.4,10,9,90,3
  .  ,   .  ,     .  ,    .  ,30,507,7
  .  ,   .  ,     .  ,    .  ,3,135,3
14.86,-91.94,881.2,10,12,136,3
  .  ,   .  ,     .  ,    .  ,10,162,4
14.76,-90.99,2325.6,10,4,23,4
14.95,-91.44,2631.7,10,8,168,2
15.41,-91.67,1769.2,10,13,66,8
14.77,-91.27,2431.3,12.7,7,153,5
15.29,-90.12,557.7,10,16,13,3
14.77,-91.18,2081.4,10,7,156,5
  .  ,   .  ,     .  ,    .  ,3,135,7
  .  ,   .  ,     .  ,    .  ,1,49,4
14.59,-91.52,631.1,10,10,161,10
14.63,-89.99,1364.6,10,21,73,7
16.98,-89.9,199,10,17,86,3
14.66,-90.47,1757.6,10,30,518,7
14.66,-90.48,1470,16.44,30,506,3
  .  ,   .  ,     .  ,    .  ,9,90,5
14.84,-91.53,2352.4,10,9,90,4
14.68,-90.41,0,26.31,30,525,4
14.28,-90.3,882.2,10,27,147,6
14.84,-91.53,2362.3,10,9,90,3
14.84,-91.53,2349.8,10,9,90,7
14.54,-91.51,407.9,10,10,158,6
14.67,-90.46,1547.3,10,30,518,4
  .  ,   .  ,     .  ,    .  ,30,513,7
  .  ,   .  ,     .  ,    .  ,23,35,8
14.61,-90.68,2105.5,10,3,2,3
14.82,-90.52,1347,10,1,42,6
14.63,-90,1395.5,10,21,73,6
14.33,-91.02,380.5,10,23,39,6
14.93,-91.91,1021.6,10,12,142,7
14.85,-91.51,2383.3,10,9,90,3
  .  ,   .  ,     .  ,    .  ,3,135,6
15.34,-91.03,1842.1,10,14,122,4
14.81,-91.5,2074.4,10,9,91,6
14.86,-91.53,2399.1,10,9,90,6
16.98,-89.9,173.5,10,17,86,7
14.87,-91.62,2501.5,10,9,99,-1
15.13,-91.24,1881.5,10,8,166,1
14.93,-92,610.1,10,12,140,1
14.86,-91.54,2394.5,10,9,90,5
14.23,-90.95,175.2,10,23,32,7
15.25,-89.09,159.4,10,18,70,9
14.58,-90.5,1537.9,10,30,514,3
14.93,-90.14,354.1,10,24,30,-1
  .  ,   .  ,     .  ,    .  ,30,507,7
14.56,-90.74,1541.6,10,3,135,5
15.41,-91.95,1165.6,10,13,57,2
15.43,-90.33,1274.4,10,16,6,8
14.83,-91.51,2332.5,10,9,90,3
14.87,-91.55,2508.1,10,9,90,-1
15.47,-90.37,1336.5,10,16,1,7
14.63,-90.46,1394.4,10,30,516,7
14.56,-90.74,1545.8,10,3,135,7
14.58,-90.51,1530.1,10,1,54,6
14.84,-91.53,2337.9,10,9,90,3
14.86,-91.53,2383,10,9,90,7
14.92,-91.44,2352.8,10,8,164,8
14.18,-89.74,664.5,26.65,22,80,4
  .  ,   .  ,     .  ,    .  ,23,35,7
14.84,-91.53,2355.3,10,9,90,-1
14.67,-90.48,1422.5,10,30,506,5
14.68,-90.41,1234.6,10,30,525,-1
14.92,-91.62,2592.3,24.01,9,93,-1
  .  ,   .  ,     .  ,    .  ,1,43,3
14.57,-90.73,1598.6,10,3,135,1
14.57,-90.73,1572.7,10,3,135,4
15.39,-91.61,1782.4,10,13,66,7
  .  ,   .  ,     .  ,    .  ,30,508,-2
14.86,-91.52,2393.9,10,9,90,5
15.39,-91.62,1718.9,10,13,66,1
14.84,-91.53,2372.7,10,9,90,8
14.77,-90.37,880.3,10,1,47,-1
14.66,-90.44,1468.66,10,30,518,7
  .  ,   .  ,     .  ,    .  ,3,135,7
14.55,-90.73,0,104.1,3,135,3
14.85,-91.51,2369.6,10,9,90,3
14.51,-91.51,279.8,10,10,157,4
  .  ,   .  ,     .  ,    .  ,1,43,-1
14.84,-91.53,2364,10,9,90,7
14.84,-91.5,0,26.43,9,90,3
14.9,-91.61,2445.1,10,9,90,7
  .  ,   .  ,     .  ,    .  ,3,135,3
14.97,-91.79,2378.1,10,12,144,3
14.56,-90.74,1544.6,10,3,135,9
14.66,-90.51,1460.42,10,30,502,-2
  .  ,   .  ,     .  ,    .  ,1,51,1
15.35,-90.87,1836,10,14,123,3
  .  ,   .  ,     .  ,    .  ,3,2,2
14.84,-91.53,2424.9,10,9,90,8
14.86,-91.52,2399.3,10,9,90,3
15.49,-91.76,1609.9,15.86,13,64,2
15.42,-91.77,1618.6,10,13,63,1
14.62,-91.84,370.6,10,9,111,2
14.52,-90.76,1584.4,10,3,131,3
14.83,-91.51,2357.1,10,9,90,2
15.1,-91.15,2139.5,10,14,115,7
14.85,-91.51,2351.5,10,9,90,9
14.5,-89.87,974.7,10,21,74,7
14.57,-90.74,1533.9,10,3,135,3
14.92,-91.54,2773.4,10,9,105,7
14.82,-89.39,538.6,10,20,25,7
14.57,-90.73,1430.7,10,3,135,3
14.59,-91.52,641.1,10,10,161,7
15.49,-91.76,1537.1,10,13,64,1
15.83,-88.75,8.9,10,18,69,5
14.62,-91.83,350.3,10,9,111,4
14.81,-91.45,2310.5,10,9,97,2
14.84,-91.5,2333.8,10,9,90,8
14.26,-90.13,1352,39.36,22,77,4
14.64,-90.68,2041.4,10,3,132,5
15.07,-91.65,2635.5,10,9,96,3
15.81,-89.87,240.2,10,16,2,8
14.76,-90.59,1646.4,10,1,50,6
14.66,-90.47,1526.79,10,30,518,8
14.58,-91.63,385.9,10,25,127,-1
14.18,-89.74,688.2,10,22,77,4
14.96,-91.73,2349,9,12,145,-2
14.83,-91.51,2352.9,10,9,90,3
14.84,-91.53,2381,10,9,90,6
  .  ,   .  ,     .  ,    .  ,23,31,7
15.35,-90.87,1862.2,10,14,123,4
14.86,-91.53,2390.3,10,9,90,3
  .  ,   .  ,     .  ,    .  ,4,23,3
14.88,-91.46,2310.1,10,9,102,6
  .  ,   .  ,     .  ,    .  ,1,48,6
  .  ,   .  ,     .  ,    .  ,30,512,1
14.53,-91.51,403.1,10,10,158,5
14.53,-91.68,222,10,25,126,7
14.57,-90.73,1591.7,10,3,135,6
15.34,-91.02,1827,10,14,122,2
14.91,-92.06,364.9,10,12,141,4
14.62,-90.48,1468.8,10,30,516,7
14.93,-91.54,2785.9,10,9,105,1
14.96,-91.73,2318,59.05,12,145,7
14.75,-91.15,1601,10,7,155,7
14.38,-90.29,986,10,27,149,4
16.79,-90.12,181.7,10,17,84,3
15.73,-88.59,149.1,10,18,72,7
14.81,-91.46,2248.5,10,9,97,1
14.76,-90.37,1022.2,10,1,47,4
14.82,-90.91,2022.2,10,4,20,3
14.91,-91.98,772.9,10,12,139,5
14.86,-91.59,2513,10,9,100,4
14.76,-90.99,2286.6,10,4,23,3
14.93,-91.53,2743.3,10,9,105,2
15.42,-89.81,892.3,10,16,10,7
16.66,-90.29,120.1,10,17,89,3
15.53,-89.33,41.8,10,18,68,5
  .  ,   .  ,     .  ,    .  ,25,125,4
14.75,-91.15,1594.7,10,7,155,6
14.55,-90.56,0,42.03,30,512,5
15.03,-90.88,1512,10,14,118,-1
14.85,-91.62,2590.1,10,9,100,4
  .  ,   .  ,     .  ,    .  ,30,511,-1
14.91,-91.36,2541.7,10,8,168,-1
14.58,-91.62,393.6,10,25,127,4
14.86,-91.53,0,2500,9,90,7
14.58,-90.74,0,52.4,3,135,1
  .  ,   .  ,     .  ,    .  ,30,512,5
15.09,-91.46,2043.3,10,8,167,4
  .  ,   .  ,     .  ,    .  ,30,507,3
14.64,-90.68,2002.6,12.18,3,132,6
14.86,-91.54,2387.4,10,9,90,8
14.58,-90.74,1589,14,3,135,6
  .  ,   .  ,     .  ,    .  ,30,512,7
14.38,-90.29,1003.2,10,27,149,4
14.66,-91.82,544,10,9,110,3
14.94,-91.7,2629.3,34.88,9,101,3
14.65,-90.51,0,31.85,30,502,4
  .  ,   .  ,     .  ,    .  ,30,507,8
15.1,-90.32,960.9,10,15,15,7
15.06,-90.24,1032.2,10,15,16,1
  .  ,   .  ,     .  ,    .  ,23,36,-1
15.05,-91.63,2654.7,10,9,95,7
14.33,-91.02,359.7,10,23,39,7
14.71,-91.87,453.1,10,9,112,8
14.56,-90.74,1535.8,76.79,3,135,10
15.79,-89.6,174.8,10,16,4,6
15.48,-90.31,1287.7,10,16,7,7
15.4,-89.64,-3,10,16,3,-1
15.48,-88.83,51.4,10,18,71,6
14.66,-90.49,1482.4,58.24,30,506,7
14.2,-90.85,112.6,10,23,37,8
14.93,-90.66,1249.6,10,14,120,5
14.67,-90.46,0,35.14,30,518,2
15.05,-91.41,2227.3,10,8,163,6
14.58,-91.46,637.2,10,10,160,3
15.39,-91.73,1443.6,45.53,13,62,-1
  .  ,   .  ,     .  ,    .  ,1,43,6
14.33,-91.02,383.2,10,23,39,7
15.39,-91.73,1460.6,10,13,62,1
14.55,-90.53,1389.5,10,30,521,-2
15.39,-91.62,1722.2,10,13,66,-1
15.42,-89.82,932.4,10,16,10,7
  .  ,   .  ,     .  ,    .  ,3,135,7
14.2,-89.79,1037.1,10,22,81,1
14.57,-90.73,1492.1,10,3,135,3
14.87,-91.55,2458.8,10,9,90,8
14.57,-90.74,1554.5,10,3,135,6
  .  ,   .  ,     .  ,    .  ,3,135,4
  .  ,   .  ,     .  ,    .  ,23,35,7
  .  ,   .  ,     .  ,    .  ,30,514,9
16.64,-89.65,294.1,10,17,82,3
14.85,-91.51,2376.7,10,9,90,3
14.85,-91.52,2359.3,10,9,90,5
14.96,-91.8,2438.4,10,12,143,6
14.86,-91.52,2401.8,10,9,90,4
15.51,-91.87,1687.5,10,13,61,-1
14.86,-91.52,2359.7,10,9,90,2
  .  ,   .  ,     .  ,    .  ,9,112,5
14.84,-91.53,2354.2,10,9,90,3
14.78,-91.48,2028.1,10,9,109,2
15.39,-91.73,1420.5,10,13,62,4
14.57,-90.74,1548.4,10,3,135,2
14.08,-91.05,28,10,23,33,3
14.67,-90.48,1488.2,13.61,30,506,6
15.07,-91.65,2608.4,10,9,96,6
14.58,-91.46,630,10,10,160,3
14.56,-90.74,1531.2,33.9,3,135,4
14.56,-90.74,1554.2,10,3,135,4
14.84,-91.53,2319.7,10,9,90,3
14.63,-89.99,0,25.74,21,76,-1
14.92,-91.44,2601.8,10,8,164,2
15.13,-91.23,1905.8,10,8,166,3
14.92,-91.62,2517.4,10,9,93,3
14.57,-90.73,1556.3,10,3,135,2
14.86,-91.53,2384.7,10,9,90,7
  .  ,   .  ,     .  ,    .  ,1,44,-1
14.92,-91.44,2352.8,10,8,164,-1
14.52,-90.76,1546.4,10,3,129,4
14.77,-90.45,1220.4,10,1,49,5
14.57,-90.74,1542,10,3,135,-1
14.57,-90.73,1601.8,10,3,135,4
  .  ,   .  ,     .  ,    .  ,30,511,3
14.57,-90.73,1472.3,13.85,3,135,8
14.57,-90.73,1631.7,10,3,135,6
14.65,-90.79,1759.9,10,4,24,4
  .  ,   .  ,     .  ,    .  ,30,505,8
14.57,-90.74,1558.3,10,3,135,8
15.32,-89.9,62.5,10,16,8,3
14.55,-90.74,1541.1,10,3,135,4
14.48,-90.18,1347,10,27,150,4
16.81,-89.82,-82.6,10,17,88,7
15.13,-91.24,1896.9,10,8,166,7
15.79,-89.61,168.2,10,16,4,8
14.99,-91.55,2641.3,10,9,104,1
14.57,-90.74,1628.3,10,3,135,-1
14.66,-91.82,564.2,10,9,110,3
14.74,-91.21,1687.8,10,7,152,4
14.57,-90.73,1586.8,10,3,135,3
15.48,-88.83,77.9,10,18,71,3
14.99,-91.62,2803.4,10,9,94,2
14.55,-90.74,1567.5,10,3,135,6
  .  ,   .  ,     .  ,    .  ,1,43,4
14.29,-89.89,902.5,10,22,79,3
14.86,-91.54,2402.8,10,9,90,5
  .  ,   .  ,     .  ,    .  ,1,40,5
14.89,-91.52,2372.2,10,9,103,7
14.58,-90.74,1524.7,10,3,135,6
14.85,-91.51,2341.1,10,9,90,3
  .  ,   .  ,     .  ,    .  ,30,518,4
14.64,-90.5,1496.2,10,30,501,2
14.55,-90.73,0,22.38,3,135,8
14.26,-90.13,1319.9,23.09,22,77,5
14.72,-92.03,110.2,10,12,137,6
14.94,-91.44,2621.1,10,8,168,7
14.92,-91.44,2335.2,10,8,164,-1
14.79,-91.48,2084.8,10.62,9,109,-1
14.57,-90.73,1688.7,10,3,135,3
14.84,-91.53,2382.5,10,9,90,8
14.38,-90.28,989.4,11.45,27,149,4
  .  ,   .  ,     .  ,    .  ,30,512,7
14.66,-90.48,1468.57,10,30,506,1
14.57,-90.73,1561.8,10,3,135,2
15.32,-89.89,120.9,10,16,8,6
16.64,-89.66,-36.6,10,17,82,7
14.51,-91.51,300,10,10,157,6
15.13,-91.24,1886.3,10,8,166,8
14.56,-90.74,1539.1,10,3,135,8
14.56,-90.73,1522.7,10,3,135,7
  .  ,   .  ,     .  ,    .  ,30,512,8
15.03,-90.88,1507.4,10,14,118,6
15.13,-91.24,1882.9,10,8,166,1
  .  ,   .  ,     .  ,    .  ,4,18,7
14.84,-91.53,2379,10,9,90,4
14.57,-90.73,1589.6,10,3,135,6
14.77,-91.18,2105.4,21.85,7,156,3
  .  ,   .  ,     .  ,    .  ,1,41,-2
  .  ,   .  ,     .  ,    .  ,30,511,3
14.77,-91.26,2500.3,26.8,7,153,6
15.42,-89.81,943.1,10,16,10,-1
14.55,-90.74,1548.5,10,3,135,7
14.85,-91.51,2378.3,10,9,90,6
15.42,-91.77,1627.9,10,13,62,3
14.59,-91.52,620.2,10,10,161,5
16.2,-89.44,423.8,10,17,87,-1
14.84,-91.53,2391.8,10,9,90,8
15.08,-91.45,2127.9,10,8,167,7
15.04,-91.41,2223.2,10,8,163,1
15.39,-91.62,1727.9,10,13,66,8
14.87,-91.63,2500.6,10,9,99,2
14.85,-91.52,2335.3,10,9,90,6
14.96,-91.73,2326.5,10,12,145,3
14.65,-90.51,1444.1,10,30,502,-1
15.32,-89.9,105.2,10,16,8,4
14.84,-91.32,2502.2,10,7,154,4
14.62,-91.84,366.9,10,9,111,2
14.61,-90.68,2123.9,10,3,2,3
14.67,-90.46,1552.8,10,30,518,3
15.79,-89.61,178.8,10,16,4,3
14.85,-91.51,2339.1,10,9,90,4
  .  ,   .  ,     .  ,    .  ,30,507,3
15.35,-90.87,1882.5,10,14,123,5
14.51,-91.51,298.7,10,10,157,2
16.34,-89.42,508,10,17,85,3
14.66,-90.57,1615,10,30,519,-2
14.57,-90.74,1537.2,10,3,135,7
15.25,-89.09,92.2,10,18,70,7
15.79,-89.6,183.9,10,16,4,5
15.04,-91.03,1944.5,10.35,14,117,3
14.77,-91.27,2456.3,10,7,153,7
15.25,-89.09,95.8,10,18,70,2
14.58,-90.74,1551.4,26.55,3,135,6
15.25,-89.1,107.9,10,18,70,4
  .  ,   .  ,     .  ,    .  ,1,51,8
14.84,-91.32,2503.6,10,7,153,-1
14.94,-91.44,2627.7,10,8,165,4
14.76,-90.6,1561.2,10,1,50,8
15.1,-91.15,2042.5,21.38,14,115,6
  .  ,   .  ,     .  ,    .  ,3,2,7
14.57,-90.74,1599.2,16.4,3,135,4
  .  ,   .  ,     .  ,    .  ,30,519,7
15.34,-91.31,1652.5,10,13,59,3
14.84,-91.53,2391.5,10,9,90,6
14.83,-91.54,2367.3,10,9,90,5
15.42,-91.77,1628,10,13,63,7
14.91,-92.06,362.8,10,12,141,4
14.69,-91.02,2274.3,10,4,601,7
14.57,-90.74,1542,4,3,135,-1
14.85,-91.53,2331.9,10,9,90,1
15.11,-89.36,117.4,17.53,33,169,3
14.58,-90.74,1615.6,10,3,135,7
14.84,-91.5,2304.8,10,9,90,7
  .  ,   .  ,     .  ,    .  ,23,35,-1
14.57,-90.73,1628.2,10,3,135,-1
  .  ,   .  ,     .  ,    .  ,1,48,8
14.5,-89.87,968.4,10,21,74,5
  .  ,   .  ,     .  ,    .  ,3,2,3
  .  ,   .  ,     .  ,    .  ,1,49,6
14.58,-90.5,2385.1,10,30,514,7
14.55,-90.74,1532,10,3,135,4
14.67,-90.48,1517.2,21.08,30,506,3
14.6,-90.68,2113.4,54,3,2,2
  .  ,   .  ,     .  ,    .  ,1,48,7
14.92,-91.62,2517.2,27.55,9,93,1
14.52,-90.8,1464.3,10,3,131,5
15.52,-91.86,1644.1,10,13,61,9
14.55,-90.54,1370,10,30,521,7
14.64,-90.68,2013.7,10,3,132,3
14.6,-91.73,396.5,10,25,128,3
14.96,-91.21,2311.7,10,14,124,1
14.63,-90.45,1489.06,10,30,524,7
14.57,-90.74,1736,10,3,135,-2
14.62,-89.62,800,10,20,27,3
  .  ,   .  ,     .  ,    .  ,30,505,7
15.31,-91.49,1889.7,10,13,58,3
14.91,-91.36,2523.9,10,8,168,4
  .  ,   .  ,     .  ,    .  ,7,156,6
14.61,-90.53,1504.41,10,30,518,8
14.92,-91.44,0,10,8,164,4
14.83,-91.51,2331.6,10,9,90,4
15.41,-91.95,1106.1,10,13,57,7
14.57,-90.73,1569.8,10,3,135,5
  .  ,   .  ,     .  ,    .  ,30,512,7
14.55,-90.74,1509.3,10,3,135,7
14.63,-89.98,1365.8,10,21,73,7
14.55,-90.73,1496.6,10,3,135,8
15.07,-91.65,2613,10,9,96,6
14.84,-91.54,2376.4,10,9,90,-1
14.66,-90.49,1463.48,10,30,506,4
14.58,-90.73,0,1800,3,135,3
15.31,-91.5,1593,10,13,58,-1
14.91,-92.06,377.4,10,12,141,6
  .  ,   .  ,     .  ,    .  ,3,135,7
14.5,-89.87,966.8,10,21,74,-1
15.48,-90.31,1296.6,10,16,7,4
15.62,-91.89,924.5,10,13,60,3
14.84,-91.53,2356,10,9,90,6
14.99,-90.8,1442.6,10,14,119,3
14.68,-90.41,1324.8,10,30,525,-1
14.94,-91.83,2482.7,10,12,146,2
14.84,-91.5,2353.5,10,9,90,8
14.66,-90.51,1459.6,10,30,502,7
14.56,-90.73,1555.3,10,3,135,3
15.11,-89.36,142.7,10,33,169,3
13.93,-91.15,1.5,10,23,34,7
14.61,-90.68,2126.2,10,3,2,6
14.84,-91.53,2364.4,10,9,90,6
15.39,-91.62,1702.7,10,13,66,7
14.83,-91.51,2354.9,10,9,90,2
  .  ,   .  ,     .  ,    .  ,30,507,7
15.04,-91.15,2005.5,10,14,116,2
14.57,-90.74,1530.1,10,3,135,4
15.41,-91.95,1178.8,10,13,57,7
15.05,-91.63,2605.7,10,9,95,5
14.84,-91.51,2312.2,14.45,9,90,5
14.85,-91.53,2362.5,10,9,90,6
14.63,-90.67,2114.6,10,3,2,1
  .  ,   .  ,     .  ,    .  ,23,36,4
14.84,-91.53,2363.9,10,9,90,5
14.62,-90.53,1553.35,10,30,503,8
14.77,-90.37,906,10,1,47,-1
  .  ,   .  ,     .  ,    .  ,23,31,6
14.81,-91.45,2295.8,10,9,97,7
14.66,-91.82,560.5,10,9,110,7
14.55,-90.73,1535.6,10,3,135,1
14.84,-91.53,2364.4,10,9,90,8
14.84,-91.5,2333.8,10,9,90,5
14.88,-91.46,2341.5,10,9,102,7
14.96,-91.21,2317.4,13.71,14,124,3
14.85,-91.52,2366.4,10,9,90,8
15.42,-91.77,1620.8,10,13,63,7
14.84,-91.53,2370.6,10,9,90,7
14.56,-90.74,1537.9,10,3,135,6
14.57,-90.73,1571,10,3,135,9
14.95,-91.44,2670.9,10,8,165,4
15.1,-91.15,2123.7,10,14,115,-1
14.67,-90.48,1468.01,10,30,506,8
14.64,-90.5,1494.9,24.62,30,501,5
14.62,-91.83,360.7,10,9,111,7
14.57,-90.73,1550.8,10,3,135,3
14.57,-90.73,1597.6,78.93,3,135,6
14.65,-91.56,893.7,10,9,108,7
14.69,-90.4,1222.9,10,30,525,2
14.82,-90.91,1984.1,10,4,20,2
  .  ,   .  ,     .  ,    .  ,30,512,7
  .  ,   .  ,     .  ,    .  ,30,507,7
14.68,-90.92,2076.1,10,4,22,3
14.36,-89.85,971.8,10,22,78,-1
14.55,-90.73,1544.3,10,3,135,4
14.85,-91.51,2302.2,10,9,90,5
  .  ,   .  ,     .  ,    .  ,30,521,8
14.82,-90.52,1400,10,1,42,2
14.93,-91.91,1045.1,10,12,142,6
14.86,-90.07,513.1,10,24,29,6
14.38,-90.28,982.6,10,27,149,4
14.56,-90.73,1546.2,10,3,135,-1
16.81,-89.82,240.5,10,17,88,8
14.62,-89.62,804.9,10,20,27,3
16.81,-89.82,-148.9,10,17,88,3
14.31,-90.97,372,10,23,38,4
15.04,-91.03,1935.1,10,14,117,3
14.86,-91.53,2395.4,10,9,90,1
15.33,-91.03,1853.9,10,14,122,3
14.66,-90.44,1479.39,10,30,518,4
14.36,-89.85,975.4,10,22,78,3
14.33,-91.02,366.5,10,23,39,7
14.92,-91.44,2343.1,10,8,164,4
14.53,-91.51,374.3,10,10,158,8
14.65,-90.47,1556,10,30,517,3
14.83,-91.51,2325.8,10,9,90,7
14.77,-90.37,933.3,10,1,47,5
14.93,-90.15,382.7,10,24,30,6
14.57,-90.73,1619.6,17.03,3,135,4
15.31,-90.23,1330.8,10,16,10,3
14.87,-91.62,2508.1,10,9,99,2
14.63,-90.45,1540.2,10,30,524,3
15.34,-91.02,1827.6,10,14,122,4
14.63,-90.45,339.4,10,30,524,6
14.93,-91.69,2652,5,9,101,3
14.85,-91.52,2456.5,10,9,90,-1
14.51,-91.51,284.6,10,10,157,-1
14.67,-90.82,1819.2,10,4,17,8
14.58,-90.74,398,10.7,3,135,7
14.84,-91.53,2367.1,10,9,90,6
14.57,-90.74,1560.7,10,3,135,3
14.58,-91.46,621,10,10,160,7
  .  ,   .  ,     .  ,    .  ,3,135,9
14.92,-91.62,2529,10,9,93,6
14.57,-90.73,1589.3,10,3,135,1
15.83,-88.75,24.2,10,18,69,1
15.1,-90.32,919.8,10,15,15,2
14.8,-91.46,2324.7,10,9,97,8
14.57,-90.73,1703.3,10,3,135,7
15.11,-89.36,142.7,10,33,169,7
14.51,-91.51,275.6,10,10,157,7
14.85,-91.52,2330.6,10,9,90,5
14.69,-91.02,2212.2,10,4,601,8
14.65,-90.79,1831.6,10,4,24,-1
15.05,-89.58,279.5,10,33,171,-2
14.54,-91.68,225,10,25,126,6
14.61,-90.53,1630.18,10,30,508,-1
16.66,-90.29,123.1,10,17,89,-2
14.57,-90.73,1608.8,10,3,135,-2
14.38,-90.29,1114.1,10,27,149,7
14.68,-90.49,1220.4,10,1,41,8
14.83,-91.64,2526.6,10,9,107,1
15.47,-88.83,59.7,10,18,71,6
14.64,-89.73,803.9,10,21,75,5
14.76,-90.99,2286.6,10,4,23,7
16.34,-89.42,509.2,10,17,85,-1
14.85,-91.51,2384.9,10,9,90,6
14.62,-90.48,1515.2,10,30,516,4
16.34,-89.42,372.4,10,17,85,5
14.2,-89.79,1041.1,10,22,81,7
15.31,-91.5,0,1900,13,58,3
14.84,-91.51,2369.7,10,9,90,3
  .  ,   .  ,     .  ,    .  ,27,150,4
14.84,-91.53,2354,10,9,90,5
14.64,-90.5,1443.3,10,30,501,6
14.85,-91.51,2348.9,10,9,90,8
14.79,-91.48,2082.9,10,9,109,-1
15.37,-90.48,1206.6,10,16,5,3
15.62,-91.89,-653.2,10,13,60,-1
14.61,-90.68,2124.3,10,3,2,1
14.63,-89.98,1365.8,10,21,73,6
14.86,-91.54,2407.3,10,9,90,8
13.93,-91.15,13,5,23,34,7
  .  ,   .  ,     .  ,    .  ,30,521,7
  .  ,   .  ,     .  ,    .  ,27,147,7
14.57,-90.73,1575,5,3,135,5
15.09,-91.46,2095.5,10,8,167,-1
15.31,-90.23,1033.6,10,16,12,7
15.25,-91.5,1707.1,10,13,56,7
14.54,-91.57,329.3,10,10,159,6
14.74,-91.21,1709.3,10,7,152,1
14.56,-90.74,1530.2,10,3,135,7
14.92,-91.36,2516,10,8,168,3
14.58,-90.73,0,1800,3,135,7
14.2,-90.85,122.1,10,23,37,8
14.62,-90.45,1528.43,10,30,524,7
14.49,-90.71,2072.2,10,3,130,4
14.84,-91.5,2381.5,10,9,90,5
14.88,-91.46,2364.7,10,9,102,6
  .  ,   .  ,     .  ,    .  ,14,116,4
15.29,-90.12,478.5,10,16,13,4
14.62,-90.53,1522.7,10,30,503,7
  .  ,   .  ,     .  ,    .  ,30,507,6
15.35,-91.46,1933,10,13,58,9
15.37,-90.48,2115.9,10,16,5,3
15.03,-91.15,2022.2,10,14,116,7
14.55,-90.74,1542.5,27.03,3,135,-1
14.61,-90.53,1541.04,10,30,508,3
14.55,-90.73,1570.4,10,3,135,6
14.84,-91.53,2378,10,9,90,8
14.83,-91.64,2523.4,10,9,107,3
14.85,-91.62,2612.5,10,9,100,5
14.57,-90.73,1545,10,3,135,7
14.7,-91.86,504.5,10,9,112,3
14.9,-91.61,2454.9,10,9,92,2
  .  ,   .  ,     .  ,    .  ,30,507,7
15.81,-89.87,155,10,16,2,7
15.48,-90.31,1281.9,10,16,7,8
14.65,-90.51,2.9,13.3,30,502,7
  .  ,   .  ,     .  ,    .  ,30,514,5
14.26,-90.13,1352,10.35,22,77,6
  .  ,   .  ,     .  ,    .  ,3,135,-1
14.86,-91.59,2506.8,10,9,98,4
15.02,-90.88,1474.5,10,14,118,4
14.83,-91.51,2285.9,10,9,90,5
  .  ,   .  ,     .  ,    .  ,30,511,-1
14.2,-90.85,93.5,10,23,37,7
14.87,-91.55,2429.5,10,9,90,3
15.31,-89.89,135.9,10,16,8,3
14.6,-90.52,1519.1,20.89,3,2,7
14.29,-89.89,900.2,10,22,79,4
14.84,-91.53,2380.4,10,9,90,9
14.84,-91.51,2371.3,10,9,90,3
14.57,-90.74,0,1300,3,135,5
  .  ,   .  ,     .  ,    .  ,3,133,2
14.58,-90.51,1532.7,10,30,514,6
14.82,-89.39,430.3,13.23,20,25,5
14.82,-89.39,430.3,13.23,20,25,7
14.62,-90.48,1437.2,10,30,516,3
16.98,-89.9,95.4,10,17,86,8
14.93,-90.14,352.7,10,24,30,5
15.79,-89.6,190.6,10,16,4,3
14.83,-91.51,2357.6,10,9,90,-1
14.68,-90.41,1246.7,10,30,525,8
14.36,-89.85,972.2,10,22,78,3
14.83,-91.51,2384.6,10,9,90,6
14.55,-91.68,246,10,25,126,7
14.57,-90.73,1605.5,10,3,135,3
15.32,-89.9,89.2,10,16,8,3
15.42,-90.33,1366.8,10,16,6,6
14.9,-91.62,2452.6,10,9,92,4
14.56,-90.73,1537.3,10,3,135,8
14.57,-90.73,1561.8,10,3,135,6
15.53,-89.34,18.8,10,18,68,9
14.99,-89.72,306.4,10,33,170,1
14.55,-90.53,0,24.52,30,521,6
14.89,-91.51,2353.4,10,9,106,6
14.66,-90.57,1592.5,10,30,519,7
14.93,-92.01,521.9,10,12,140,5
14.85,-91.51,2382,10,9,90,7
14.63,-90.67,2063.8,10,3,2,3
14.84,-91.53,2351.1,10,9,90,-1
16.93,-89.89,135.5,10,17,83,6
16.66,-90.29,130.8,10,17,89,-1
14.29,-89.89,905.5,10,22,79,-1
14.86,-91.59,2515.1,10,9,98,5
14.52,-90.8,1386.7,10,3,131,5
14.64,-91.56,891,10,9,108,2
14.57,-90.74,1550.1,10,3,135,7
14.58,-91.62,389.7,10,25,127,6
14.55,-90.57,0,600,30,512,4
14.52,-90.76,1570.6,10,3,129,4
14.57,-90.74,1544.2,10,3,135,-1
  .  ,   .  ,     .  ,    .  ,1,44,7
14.64,-90.46,0,1600,30,524,5
14.93,-91.53,2763.3,10,9,105,7
14.52,-90.8,1460.9,10,3,131,5
  .  ,   .  ,     .  ,    .  ,3,135,4
  .  ,   .  ,     .  ,    .  ,3,2,7
14.85,-91.51,2387.3,10,9,90,6
14.57,-90.74,1483.8,32.59,3,135,4
14.85,-91.51,0,56.1,9,109,1
  .  ,   .  ,     .  ,    .  ,30,507,9
14.62,-90.53,1525.6,10,30,503,6
14.28,-90.3,915.5,10,27,147,7
15.08,-91.45,2107.4,10,8,167,3
14.93,-90.15,366.7,10,24,30,9
14.56,-90.74,1588.1,10,3,135,5
14.86,-91.54,2381.4,10,9,90,6
14.97,-91.79,2412.5,10,12,144,3
  .  ,   .  ,     .  ,    .  ,1,44,-1
15.29,-90.12,474.6,10,16,13,2
14.57,-90.73,1522.8,10,3,135,-1
14.84,-91.54,2378.9,26.08,9,90,6
15.47,-90.38,1319.6,10,16,1,-2
14.3,-90.97,361.6,10,23,38,7
  .  ,   .  ,     .  ,    .  ,21,76,8
  .  ,   .  ,     .  ,    .  ,30,507,7
14.58,-90.73,0,1800,3,135,5
14.55,-90.73,1529.2,10,3,135,6
  .  ,   .  ,     .  ,    .  ,30,514,6
15.04,-91.41,2385.5,10,8,163,8
14.63,-90.44,1641.6,10,30,524,7
14.64,-89.73,809.4,10,21,75,-1
14.77,-90.37,913.2,10,1,47,2
15.83,-88.75,14,10,18,69,6
14.57,-90.73,1589.2,10,3,135,4
14.84,-91.49,2322.6,10,4,21,6
14.97,-91.78,2364.6,10,12,144,9
14.2,-89.79,1012.5,10,22,81,5
14.66,-90.49,0,1000,30,506,7
  .  ,   .  ,     .  ,    .  ,1,51,3
15.08,-90.49,964.9,10,15,14,2
  .  ,   .  ,     .  ,    .  ,1,53,4
15.01,-91.07,1994.7,10,14,116,2
14.56,-91.65,318.2,10,25,125,4
14.58,-90.74,1650.5,10,3,135,4
  .  ,   .  ,     .  ,    .  ,1,53,4
15.37,-90.48,1362.2,10,16,5,8
  .  ,   .  ,     .  ,    .  ,24,29,7
14.82,-90.52,1391.1,10,1,42,4
15.03,-91.15,2036.5,10,14,113,2
14.84,-91.53,2377.6,10,9,90,6
14.83,-91.51,2337,10,9,90,5
14.56,-90.74,1546.1,10,3,135,5
14.75,-91.15,1627.6,10,7,155,-1
14.86,-91.53,2229.2,10,9,90,7
15.32,-90.35,1495.6,10,16,11,5
15.08,-91.45,2118.1,10,8,167,3
14.65,-90.47,0,50.01,30,517,4
  .  ,   .  ,     .  ,    .  ,13,59,7
15.39,-91.61,1706.3,10,13,66,8
15.04,-91.41,2229,10,8,163,-1
14.56,-91.65,316.8,10,25,125,5
15.79,-89.61,174,10,16,4,4
14.66,-89.85,1123.4,10,21,76,2
14.65,-90.79,1797.5,10,4,24,4
14.85,-91.51,2384.4,10,9,90,3
15.05,-91.41,2176.1,10,8,163,4
14.18,-89.74,670.7,10,22,80,7
14.57,-90.74,1504.1,10,3,135,1
14.57,-90.74,1510.2,10,3,135,8
15,-91.63,2829.5,10,9,94,6
  .  ,   .  ,     .  ,    .  ,3,135,5
15.31,-91.49,1882.8,10,13,58,1
  .  ,   .  ,     .  ,    .  ,3,130,7
15.34,-91.02,1799.3,10,14,122,3
14.57,-90.73,1600.7,10,3,135,3
14.83,-91.51,2321.2,10,9,90,7
15.04,-91.15,2005.5,10,14,117,2
14.57,-90.73,1532.3,10,3,135,4
15.32,-90.35,1478.1,10,16,11,3
  .  ,   .  ,     .  ,    .  ,30,507,1
14.85,-91.53,2350.1,10,9,90,7
15.52,-91.86,1648.1,10,13,61,4
14.58,-90.51,1525,10,30,514,7
15.04,-91.41,2228.8,64.54,8,163,4
14.57,-90.74,1521.9,15.78,3,135,3
14.57,-90.74,1666.7,10,3,135,8
14.84,-91.53,2354.2,10,9,90,7
14.57,-90.73,1612.5,10,3,135,3
14.85,-91.51,2339.6,10,9,90,5
14.5,-89.87,986.6,10,21,74,3
14.57,-90.74,1576.2,10,3,135,-1
14.65,-90.58,1641.4,10,30,519,5
15.37,-90.43,1421.1,10,16,9,7
15.13,-91.23,1905.9,10,8,166,6
14.58,-90.74,1531,18,3,135,7
15.4,-91.67,2068.2,10,13,65,1
15.42,-91.77,1630.3,10,13,63,3
14.93,-90.66,1234.9,10,14,120,7
14.56,-91.65,401.9,10,25,125,8
14.72,-92.04,110.6,10,12,137,2
14.86,-91.62,2535.3,10,9,100,1
14.56,-90.74,1538.1,10.24,3,135,3
16.64,-89.65,277.7,10,17,82,8
14.93,-91.69,2641.9,10,9,101,6
15.05,-91.64,2586.8,10,9,95,3
14.84,-91.54,2373.6,10,9,90,6
15.8,-91.75,847.3,10,13,67,6
16.66,-90.29,127.1,10,17,89,-1
15.01,-91.06,2029.8,10,14,116,5
14.9,-91.61,2376.6,10,9,92,-2
14.65,-90.51,1401.8,10.66,30,502,8
15.39,-91.73,1424.9,10,13,62,3
14.86,-90.08,514.6,10,24,29,1
14.64,-89.73,790,10,21,75,3
14.93,-91.54,2703.8,10,9,105,4
14.57,-90.74,1542.7,10,3,135,-1
14.77,-90.59,1605,10,1,50,-1
15.32,-90.35,1426.1,10,16,11,-2
14.86,-91.52,2392.4,10,9,90,7
15.79,-89.6,183.4,10,17,87,7
14.8,-89.54,416.4,17.76,33,170,3
14.9,-91.62,2452.6,10,9,92,3
15.42,-89.82,775.5,10,16,10,1
15.39,-91.61,1699.1,10,13,66,9
14.56,-90.73,1559.1,10,3,135,4
  .  ,   .  ,     .  ,    .  ,30,506,8
16.98,-89.9,126,10,17,86,6
14.55,-90.73,1533.8,10,3,135,6
15.8,-91.75,813.3,10,13,67,-2
14.55,-90.73,1489.6,10,3,135,7
14.9,-91.61,2417,10,9,92,-1
14.87,-91.54,2424.3,10,9,90,-2
15.81,-89.88,174,10,16,2,9
15.31,-91.49,1872.8,10,13,58,3
14.2,-90.85,116.5,10,23,37,2
14.49,-90.71,2069.4,10,3,130,7
14.83,-91.51,2364.8,10,9,90,4
  .  ,   .  ,     .  ,    .  ,1,43,5
14.83,-91.51,2362.8,10,9,90,7
15.48,-88.83,79.3,10,18,71,5
14.84,-91.54,2372.3,10,9,90,2
14.86,-91.52,2371.8,10,9,90,7
14.84,-91.52,2319.4,10,9,90,7
14.93,-91.91,1040.3,10,12,142,7
  .  ,   .  ,     .  ,    .  ,3,135,6
14.81,-91.49,2249,10,9,91,3
14.66,-90.82,1790.7,10,4,17,4
15.08,-90.49,970.6,10,15,14,1
  .  ,   .  ,     .  ,    .  ,3,135,9
14.31,-90.96,383,10,23,38,-1
14.83,-91.51,2340.6,10,9,90,7
14.86,-91.53,2393,10,9,96,1
15.81,-89.88,159.4,10,16,2,7
14.57,-90.73,1723,10,3,135,3
14.54,-91.68,246.1,10.39,25,126,3
14.95,-91.81,2410.4,10,12,143,8
14.62,-90.45,1516.06,10,30,524,3
15.29,-90.12,479.7,10,16,13,2
14.92,-91.44,2347.1,10,8,164,7
14.84,-91.53,2355.5,10,9,90,8
14.86,-91.59,2498.7,10,9,98,7
14.64,-90.46,1477.87,10,30,517,4
14.83,-91.51,2340.7,10,9,90,3
14.09,-91.05,46.5,10,23,33,8
14.54,-91.41,401,49,10,162,4
14.58,-90.74,1556.3,10,3,135,-1
15.32,-90.35,1464,10,16,11,3
14.85,-91.62,2594.5,10,9,100,1
16.64,-89.65,294.5,10,17,82,3
14.61,-90.8,1805.9,10,4,19,6
14.82,-89.39,296.7,10,20,25,2
14.84,-91.53,2377.9,10,9,90,3
14.58,-91.62,373.9,10,25,127,5
14.72,-92.03,107.4,10,12,137,3
14.94,-91.11,2084.6,10,14,114,2
  .  ,   .  ,     .  ,    .  ,27,147,4
14.96,-91.8,2398.7,10,12,143,5
14.69,-90.4,1891.9,10,30,525,6
14.91,-91.36,2447.2,14.18,8,168,3
14.62,-90.48,2006.3,15.1,30,516,5
14.85,-91.51,2361.8,10,9,90,2
16.34,-89.42,493.4,10,17,85,4
15.31,-91.5,1860.9,10,13,58,8
  .  ,   .  ,     .  ,    .  ,1,46,-2
16.34,-89.42,515.9,10,17,82,5
14.94,-92,647.4,10,12,140,4
15.39,-91.62,1693.4,11.68,13,66,2
15.37,-90.48,1395.6,10,16,5,4
14.93,-90.66,1259.3,10,14,120,-1
14.63,-90.45,1687.1,10,30,524,6
15.07,-91.65,2613.9,10,9,96,7
14.67,-90.46,1661.5,10,30,525,-1
14.57,-90.74,1528,10,3,135,-2
14.83,-91.51,2346.6,10,9,90,8
14.57,-90.74,1540.6,10,3,135,3
15.47,-90.38,1359.3,10,16,1,11
14.52,-90.8,1482.1,10,3,131,6
14.81,-91.49,2239.8,10,9,91,8
14.96,-91.73,2357.9,10,12,145,-2
14.56,-90.73,1537.3,10,3,135,-2
14.28,-90.3,922.3,69.32,27,147,8
14.84,-91.51,2379.2,10,9,90,7
14.85,-91.53,2394.6,10,9,90,4
  .  ,   .  ,     .  ,    .  ,30,507,5
15.35,-90.87,1845.2,10,14,123,7
14.78,-91.48,2068.6,10,9,109,3
  .  ,   .  ,     .  ,    .  ,1,46,3
15.24,-91.5,1726.2,24.91,13,56,3
15.04,-91.03,1912.6,10,14,117,4
14.99,-90.8,1411.1,10,14,119,5
14.64,-91.56,878.8,10,9,108,1
16.98,-89.9,157.1,10,17,86,5
14.99,-90.81,1410.2,10,14,119,10
14.93,-92.01,571.6,10,12,140,3
15.41,-91.95,1159.4,10,13,57,6
14.08,-91.05,29.8,10,23,33,6
14.84,-91.53,2480.1,10,9,90,6
14.63,-90.67,2053.7,24.87,3,2,4
  .  ,   .  ,     .  ,    .  ,30,512,8
14.66,-91.82,546.8,10,9,110,4
14.99,-90.8,1435.1,10,14,119,3
14.62,-90.53,1918.3,10,30,503,6
14.57,-90.74,1563.3,10,3,135,3
14.84,-91.51,2352.3,10,9,96,7
14.82,-91.46,2376.4,10,9,97,-1
16.34,-89.42,393.8,10,17,85,7
14.86,-91.52,2379.7,10,9,90,7
  .  ,   .  ,     .  ,    .  ,30,511,3
14.95,-91.45,2580.3,10,8,165,-1
14.94,-91.11,2048.9,14.18,14,114,5
14.74,-91.21,1812.5,10,7,152,1
14.94,-91.11,2099.7,10,14,114,-1
15.06,-90.24,999.8,10,15,16,7
  .  ,   .  ,     .  ,    .  ,1,41,-2
15.11,-89.36,122.2,11.77,33,169,4
15.29,-91.09,1216.7,10,14,121,7
14.62,-90.48,1508.2,10,30,516,4
14.58,-90.74,1550.9,10,3,135,8
14.56,-90.73,1537.9,10,3,135,5
14.58,-90.68,1976,12.75,3,134,3
14.68,-90.36,1335.9,10,1,45,1
14.57,-90.74,1545,10,3,135,5
15.8,-91.75,775.3,45.26,13,67,4
14.57,-90.73,1538.9,10,3,135,7
  .  ,   .  ,     .  ,    .  ,30,507,3
14.61,-90.68,2094.6,10,3,2,3
14.86,-91.52,2371.1,10,9,90,8
  .  ,   .  ,     .  ,    .  ,1,49,2
15.37,-90.43,1413.8,10,16,9,9
  .  ,   .  ,     .  ,    .  ,1,40,-1
14.64,-89.44,671.9,10,20,28,2
14.86,-91.53,2385.4,10,9,90,4
14.93,-90.14,330.2,10,24,30,4
15.03,-91.15,2028.5,10,14,113,3
14.48,-90.18,1331.2,10,27,150,7
14.62,-91.83,358.1,10,9,111,3
14.65,-90.79,1778.8,10,4,24,5
15.41,-91.95,1167.5,17.54,13,57,1
14.62,-90.49,1477.89,10,30,505,3
14.67,-90.81,1799.1,10,4,17,4
14.6,-90.68,2129.7,10,3,2,3
15.81,-89.88,164.4,10,16,2,7
  .  ,   .  ,     .  ,    .  ,30,505,4
14.55,-90.74,1536.9,28.6,3,135,-2
15.33,-91.02,1819.5,10,14,122,7
14.49,-90.71,2074.8,10,3,130,4
  .  ,   .  ,     .  ,    .  ,1,46,5
14.63,-90.68,2030.6,10,3,132,5
15.37,-90.48,1402.2,10.21,16,5,2
14.49,-90.71,2059.4,10,3,130,3
14.82,-90.52,1372.4,10,1,42,4
14.62,-90.45,1506.7,10,30,524,4
14.6,-90.68,2120.4,10,3,2,-1
14.85,-91.51,2327.3,10,9,90,8
14.52,-90.76,1576.9,10,3,129,4
14.55,-90.73,1521.8,10,3,135,7
14.64,-89.44,672.7,10,20,28,-2
15.08,-90.49,987.4,11.62,15,14,5
  .  ,   .  ,     .  ,    .  ,1,40,-1
16.81,-89.82,206.4,10,17,88,6
  .  ,   .  ,     .  ,    .  ,30,505,7
14.68,-90.36,1321.6,10,1,45,5
15.32,-89.9,120.7,10,16,8,4
14.8,-89.54,0,72.9,20,28,5
14.57,-90.74,1538,10,3,135,8
14.64,-89.73,802.1,10,21,75,3
15.42,-91.77,1618.2,10,13,63,3
14.84,-91.54,2340.6,10,9,90,5
14.87,-91.63,2520.1,10,9,99,4
14.58,-91.46,621.4,10,10,160,7
14.36,-89.85,1030.9,10,22,78,3
14.38,-90.28,987.3,10,27,149,2
14.79,-91.92,627,10,12,138,7
16.98,-89.9,136.8,10,17,86,4
14.79,-91.92,664.2,10,12,138,4
14.79,-91.92,736.1,10,12,138,4
15.04,-91.03,1936.9,10,14,118,5
14.83,-91.51,2352.9,10,9,90,1
14.57,-90.73,1583,10,3,135,5
15.1,-90.32,942.1,10,15,15,8
  .  ,   .  ,     .  ,    .  ,1,43,3
14.84,-91.32,2491.1,10,7,154,2
14.5,-89.87,964.2,10,21,74,3
14.84,-91.52,2353.1,10,9,90,4
  .  ,   .  ,     .  ,    .  ,1,46,5
15.13,-91.24,1908.6,10,8,166,3
14.57,-90.73,1578.7,10,3,135,3
14.6,-90.52,1519,17.33,27,148,8
15.03,-90.88,1511.1,10,14,118,2
14.54,-90.54,1377.9,10,30,521,9
15.05,-91.63,2563.6,10,9,95,10
14.33,-91.02,413,5,23,39,3
14.57,-90.5,1562,10,1,51,5
14.77,-91.27,2500.3,10,7,153,1
14.87,-91.63,2508.2,10,9,99,2
15.8,-91.75,829,10,13,67,4
15.24,-91.49,1717.5,14.46,13,56,6
15.04,-91.03,1936.7,10,14,117,2
15.39,-91.73,1406.9,10,13,62,1
14.86,-91.52,2369.2,10,9,90,-2
15.73,-88.6,43.8,10,18,72,6
14.84,-91.53,2354,10,9,90,-1
15.04,-89.58,177.2,10,33,171,-1
14.6,-90.68,2110.5,10,3,2,-2
16.81,-89.82,224.7,10,17,88,5
14.75,-91.16,1982.3,10.46,7,155,2
14.57,-90.73,1629.8,10,3,135,3
14.58,-90.74,0,22.77,3,135,4
14.57,-90.74,1535.7,10,3,135,1
15.42,-89.81,766.4,10,16,10,1
14.77,-91.27,2506.6,10,7,153,1
14.57,-90.74,1603.6,10,3,135,8
15.39,-91.62,1697.3,10,13,66,-2
14.66,-90.89,2071.4,10,4,17,1
14.91,-91.36,2496.7,10,8,168,5
  .  ,   .  ,     .  ,    .  ,1,46,7
14.96,-91.21,2275.8,10,14,124,2
14.83,-91.53,2368.4,10,9,90,8
15.25,-89.1,83.1,10,18,70,11
14.55,-91.67,269.4,10,25,126,10
15.52,-91.86,1653.4,10,13,61,6
14.58,-90.74,0,17.56,3,135,3
14.93,-92,636.6,10,12,140,-1
14.57,-90.74,1519.3,10,3,135,8
14.96,-91.8,2422.1,10,12,144,7
  .  ,   .  ,     .  ,    .  ,21,76,5
14.97,-91.79,2363,10,12,144,5
14.58,-90.68,1984.2,10,3,134,6
14.96,-91.73,2331.4,10,12,143,4
15.04,-91.02,1936.1,10,14,119,1
15.73,-88.59,148,10,18,72,4
14.92,-91.44,2322.3,10.7,8,164,3
  .  ,   .  ,     .  ,    .  ,13,63,5
14.98,-91.55,2655,10,9,104,5
14.86,-91.52,2408.7,10,9,90,6
  .  ,   .  ,     .  ,    .  ,30,512,2
15.01,-91.06,2002.6,10,14,116,7
14.63,-89.99,1374.3,10,21,73,6
14.57,-90.73,1550.4,10,3,135,6
14.58,-90.74,1590,10,3,135,-1
14.66,-90.44,1473.2,10,30,518,5
14.95,-91.44,2618.4,10,8,165,-1
14.66,-90.57,1599.7,10,30,519,1
  .  ,   .  ,     .  ,    .  ,3,2,-2
14.77,-91.22,2225.7,10,7,151,4
15.52,-91.86,1661.6,10,13,61,7
14.84,-91.53,2366.1,10,9,90,3
14.84,-91.51,2419.4,10,9,90,4
14.26,-90.13,1350.5,10,22,77,6
14.63,-90.44,1512.12,10,30,524,3
  .  ,   .  ,     .  ,    .  ,23,36,3
14.58,-90.74,0,1700,3,135,3
14.65,-91.56,914.4,10,9,108,1
14.57,-90.74,1550,5,3,135,2
14.93,-91.91,1064.6,10,12,142,7
14.88,-91.46,2323.2,10.34,9,102,5
  .  ,   .  ,     .  ,    .  ,30,512,6
14.86,-91.52,2399,10,9,90,4
15.39,-91.61,1725.6,10,13,66,6
14.58,-90.5,1528.1,10,30,514,3
14.83,-91.51,2340.5,10,9,90,5
14.66,-91.82,529.3,10,9,110,4
14.85,-91.51,0,56.1,9,109,6
14.64,-89.73,793.7,10,20,27,2
16.79,-90.12,200.2,10,17,84,4
15.74,-88.6,-1.6,10,18,72,3
14.84,-91.53,2363.7,10,9,90,7
  .  ,   .  ,     .  ,    .  ,1,46,4
14.88,-91.46,2319.9,10,9,102,4
  .  ,   .  ,     .  ,    .  ,3,133,2
14.92,-90.66,1225,10,14,120,4
15.47,-88.83,59.2,10,18,71,-2
  .  ,   .  ,     .  ,    .  ,30,518,6
14.83,-91.51,2354.5,10,9,90,4
15.05,-89.58,208.8,10,33,171,-1
15.02,-90.88,1456.9,10,14,118,3
14.54,-91.41,450.3,10,10,162,5
15.37,-90.43,1413.9,10,16,9,7
14.56,-90.73,1602.6,10,3,135,5
15.36,-91.46,2028,10,13,55,-1
15.29,-90.12,541.4,10,16,13,6
  .  ,   .  ,     .  ,    .  ,30,519,-1
14.92,-91.61,2532,10,9,93,3
14.56,-90.74,1546.2,10,3,135,9
  .  ,   .  ,     .  ,    .  ,30,507,3
14.55,-90.74,1542.9,10,3,135,4
15.4,-89.64,-188.7,10,16,3,-1
14.56,-91.65,316.2,10,25,125,3
14.23,-90.95,181.9,10,23,32,4
  .  ,   .  ,     .  ,    .  ,30,508,4
15.05,-89.58,175.6,10,33,171,6
14.86,-91.52,2383.4,10,9,90,8
14.72,-92.04,103.5,10,12,137,-1
15.1,-91.15,2141.6,10,14,115,2
14.55,-90.53,1363.9,26.75,30,521,9
15.03,-90.88,1507.3,10,14,118,-1
14.84,-91.53,2357.8,10,9,90,9
14.64,-91.56,891,10,9,108,7
14.84,-91.53,2354.1,10,9,90,7
14.58,-90.68,1984.2,10,3,134,3
15.08,-91.65,2631.3,10,9,96,2
14.84,-91.54,2379,10,9,90,3
14.94,-91.11,2074.8,10,14,114,6
15,-91.62,2844.1,10,9,94,7
14.18,-89.74,700.1,10,22,77,3
14.68,-90.92,2077.6,10,4,22,-1
14.51,-89.88,962.5,10,21,74,4
  .  ,   .  ,     .  ,    .  ,30,506,3
14.86,-91.94,898.6,10,12,136,4
14.88,-91.46,2334.9,10,9,102,8
  .  ,   .  ,     .  ,    .  ,3,133,1
14.57,-90.73,1614.8,14.31,3,135,3
14.86,-91.53,2359.5,10,9,90,3
14.57,-90.74,1555.4,10,3,135,7
15.01,-91.06,2026.4,12.89,14,116,3
15.79,-89.6,182.4,10,16,4,7
15.54,-89.33,54.8,10,18,68,-1
14.54,-91.41,380.7,10,10,162,7
14.57,-90.74,1595.8,10,3,135,4
15.42,-89.81,895,10,16,10,1
16.66,-90.29,111.3,10,17,89,7
14.84,-91.53,2345.7,27.34,9,90,4
15.62,-91.89,904.2,10,13,60,3
14.96,-91.21,2303.7,10,14,124,3
  .  ,   .  ,     .  ,    .  ,23,35,7
14.2,-89.79,1015.1,10,22,81,7
15.51,-91.87,1695,10,13,61,7
14.8,-91.46,2283.2,10,9,97,7
14.48,-90.17,1376.7,10,27,150,3
14.63,-90.45,1467,10,30,524,7
14.74,-91.21,1680,10,7,152,5
14.97,-91.78,2359.3,10,12,144,3
14.93,-91.69,2633.4,10,9,101,2
14.76,-90.6,1581.4,10,1,50,4
17.12,-89.68,265,10,17,88,-1
  .  ,   .  ,     .  ,    .  ,23,31,7
15.34,-91.31,1621,15.19,13,59,4
14.21,-90.85,113.6,10,23,37,3
14.96,-91.81,2445.6,10,12,143,7
14.57,-90.74,1534.5,10,3,135,-1
  .  ,   .  ,     .  ,    .  ,30,512,7
15.83,-88.75,22.9,10,18,69,4
14.58,-90.74,1566,4,3,135,4
15.06,-90.24,1014.1,10,15,16,5
15.03,-91.15,2004.2,10,14,113,6
  .  ,   .  ,     .  ,    .  ,30,511,7
14.84,-91.53,2375.7,10,9,90,7
14.57,-90.73,1618.7,10.07,3,135,7
14.57,-90.74,1551.4,25.02,3,135,-1
14.31,-90.97,294,6,23,38,6
  .  ,   .  ,     .  ,    .  ,30,511,8
14.64,-90.5,1505.8,10,30,501,-1
  .  ,   .  ,     .  ,    .  ,1,40,-1
14.64,-90.5,1508.2,10,30,501,7
14.57,-90.74,1563.1,10,3,135,7
14.55,-90.74,1528.4,10,3,135,7
14.23,-90.95,167.9,10,23,32,8
  .  ,   .  ,     .  ,    .  ,3,2,3
14.93,-90.66,1261.7,10,14,120,8
14.69,-90.49,0,400,1,41,4
14.83,-91.54,2370.9,10,9,90,4
14.64,-90.68,2058.5,10,3,132,7
14.67,-90.82,1684.7,10,4,17,1
15.07,-91.65,2628.3,10,9,96,2
  .  ,   .  ,     .  ,    .  ,30,508,4
14.57,-90.74,1689.1,10,3,135,3
14.62,-90.48,1433.8,10,30,516,-2
14.57,-90.73,1587.1,10,3,135,5
15.4,-89.64,14.7,10,16,3,8
14.55,-91.68,276.5,10,25,126,3
14.58,-90.74,1552,10,3,135,2
14.57,-90.74,1538.2,10,3,135,6
14.64,-90.5,1479.27,10,30,501,7
14.56,-90.73,1537.3,10,3,135,7
14.93,-91.53,2720.6,10,9,105,1
  .  ,   .  ,     .  ,    .  ,3,2,6
14.57,-90.74,1558.7,10,3,135,-1
14.84,-91.53,2386.5,10,9,90,3
15.04,-91.03,1936.9,10,14,118,7
14.68,-90.92,2069.1,10,4,22,5
14.67,-90.46,1547.5,10,30,518,-1
14.64,-90.5,1479.07,10,30,501,7
15.83,-88.75,17.3,10,18,69,8
14.84,-91.32,2484.1,10,7,154,3
14.64,-90.46,1466.9,10.28,30,517,6
14.57,-90.73,1549.3,10,3,135,8
14.64,-89.73,803.5,10,21,75,3
14.52,-90.8,1467.8,10,3,131,2
14.84,-91.53,2347.9,10,9,90,5
14.6,-90.52,1522.3,17.34,27,149,1
15.34,-91.03,1851.9,11,14,122,5
14.62,-91.84,361.3,10,9,111,4
14.55,-90.74,1523.9,10,3,135,4
14.69,-90.48,1352.2,10,1,41,7
14.58,-90.74,1554,8,3,135,-2
  .  ,   .  ,     .  ,    .  ,30,512,3
16.64,-89.65,292.5,10,17,82,-1
14.77,-90.37,823.6,10,1,47,3
14.59,-91.52,623.7,10,10,161,6
14.86,-91.53,2394.2,10,9,90,1
  .  ,   .  ,     .  ,    .  ,1,51,5
14.49,-90.71,2081.2,10,3,130,5
14.83,-91.51,2318.7,10,9,90,6
  .  ,   .  ,     .  ,    .  ,1,48,6
14.82,-90.91,2042.3,10,4,20,3
14.48,-90.18,1335.9,10,27,150,6
14.97,-91.79,2380.9,10,12,144,5
14.75,-91.15,1596.9,10,7,155,3
14.84,-91.52,2344.7,10,9,90,6
14.86,-91.52,2374,10,9,90,5
14.67,-90.81,1768.3,10,4,17,4
  .  ,   .  ,     .  ,    .  ,30,511,5
  .  ,   .  ,     .  ,    .  ,9,90,4
14.58,-90.5,1544,10,30,514,3
14.99,-90.81,1461.6,15.21,14,119,3
14.71,-91.87,496.5,10,9,112,7
14.53,-91.51,349.4,10,10,158,1
15.04,-91.15,2005.5,10,14,116,6
14.58,-90.51,1542.36,10,30,514,5
14.56,-90.73,1540.8,10,3,135,8
15.48,-90.31,1300.4,10,16,1,9
  .  ,   .  ,     .  ,    .  ,1,40,7
14.84,-91.5,2392.1,10,9,90,7
14.6,-90.52,1519.1,12.31,3,2,7
14.58,-90.74,1567.9,14.44,3,135,4
15.31,-90.23,1189.5,10,16,12,5
14.83,-91.51,2332.8,10,9,90,7
14.68,-90.41,1240.7,10,30,525,4
14.56,-90.74,1496.6,10,3,135,7
14.56,-90.73,1537.3,10,3,135,9
14.09,-91.05,27,5,23,33,3
14.86,-91.59,2543.8,10,9,98,-1
15.3,-91.5,1883.6,10,13,58,3
15.4,-89.64,-34.6,10,16,3,5
  .  ,   .  ,     .  ,    .  ,3,135,7
  .  ,   .  ,     .  ,    .  ,9,90,-1
14.84,-91.52,2301.5,12.69,9,90,7
14.85,-91.53,2355.3,10,9,90,1
  .  ,   .  ,     .  ,    .  ,3,135,9
14.33,-91.02,377,5,23,39,6
14.84,-91.32,2489.7,10,7,154,1
14.2,-90.85,100,10,23,37,3
14.86,-90.08,572.2,10,24,29,4
15.32,-90.35,1458.3,10,16,11,8
16.21,-89.44,442.3,10,17,87,4
14.49,-90.71,2066.9,15.68,3,130,6
14.97,-91.78,2379.3,10,12,144,6
14.52,-90.8,1465.5,10,3,131,5
14.86,-91.54,2399.8,10,9,90,3
15.32,-90.35,1523.7,10,16,11,6
14.81,-91.5,2202.2,10,9,91,7
14.57,-90.74,1551.1,10,3,135,6
  .  ,   .  ,     .  ,    .  ,30,513,7
  .  ,   .  ,     .  ,    .  ,30,512,4
15.08,-91.45,2139.3,10,8,167,10
15.31,-91.49,1861.9,10,13,58,3
14.83,-91.54,2380.9,10,9,90,4
15.24,-91.5,1709.8,10,13,56,7
14.21,-90.85,102,5,23,37,4
15.4,-89.64,16.5,10,16,3,2
  .  ,   .  ,     .  ,    .  ,1,49,6
  .  ,   .  ,     .  ,    .  ,30,511,2
14.61,-90.81,1774.6,10,4,19,5
  .  ,   .  ,     .  ,    .  ,30,507,7
14.84,-91.5,2340.4,10,9,90,4
  .  ,   .  ,     .  ,    .  ,3,135,6
14.57,-90.74,1556,4,3,135,-2
15.35,-91.46,2001.5,10,13,55,6
14.97,-91.21,2302.1,10,14,124,3
14.85,-91.51,2342.2,10,9,90,6
14.89,-91.51,2381.2,10,9,103,1
15.07,-91.65,2621.4,10,9,96,-2
15.8,-91.75,832.8,10,13,67,3
14.99,-89.72,322.3,10,33,170,5
15.34,-91.31,1697.5,10,13,59,2
14.64,-90.68,2005,10,3,132,6
14.62,-90.53,1543.33,10,30,503,3
14.85,-91.62,2592.5,10,9,100,3
14.52,-90.76,1584.1,10,3,129,3
14.56,-90.74,1605.2,20.2,3,135,3
15.51,-91.87,1502.5,10,13,61,4
15.81,-89.87,137.4,10,16,2,5
14.54,-91.57,323.6,10,10,159,6
14.85,-91.62,2633.8,10,9,100,3
15.25,-89.1,160.1,10,18,70,6
14.55,-90.53,0,26.16,30,521,8
14.57,-90.74,1534.5,10,3,135,7
14.57,-90.74,1537.7,10,3,135,7
15.29,-91.09,1208.5,10,14,121,-1
14.74,-91.21,1997.4,17.2,7,152,5
14.56,-90.74,1532.3,10,3,135,7
14.79,-91.92,676.8,10,12,138,3
14.95,-91.45,2653.8,10,8,165,1
14.5,-89.87,953.6,10,21,74,2
  .  ,   .  ,     .  ,    .  ,30,511,8
14.85,-91.52,2356.2,10,9,90,8
14.55,-90.74,1512.1,10,3,135,8
14.54,-91.57,338.4,10,10,159,3
16.98,-89.9,176.5,10,17,86,3
14.86,-91.54,2410.9,10,9,90,7
14.84,-91.53,2363.2,10,9,90,9
14.54,-91.68,247,10,25,126,6
14.87,-91.62,2502.1,10,9,99,4
14.55,-90.74,1532.3,10,3,135,11
14.96,-91.21,2323.8,10,14,124,-1
14.84,-91.5,2316.6,10,9,90,3
  .  ,   .  ,     .  ,    .  ,1,54,4
  .  ,   .  ,     .  ,    .  ,3,2,7
14.63,-90.44,1482.1,10,30,524,4
  .  ,   .  ,     .  ,    .  ,23,36,7
14.57,-90.74,1595,10,3,135,8
16.64,-89.65,111,10,17,82,4
14.84,-91.53,2279.7,10,9,90,3
15.04,-91.41,2224.9,10,8,163,7
14.85,-91.51,2374.3,10,9,90,5
14.56,-90.74,1543.4,10,3,135,-2
14.81,-91.45,2415.8,10,9,97,3
15.73,-88.59,48.9,10,18,72,7
  .  ,   .  ,     .  ,    .  ,20,26,4
14.85,-91.53,2379.2,10,9,90,7
15.8,-91.75,776.2,10,13,67,1
  .  ,   .  ,     .  ,    .  ,1,40,7
15.62,-91.89,929.6,10,13,60,3
15.35,-90.87,1846.7,10,14,123,5
14.85,-91.51,2329.6,10,9,90,4
16.81,-89.82,242.1,10,17,88,6
14.62,-91.84,360.9,10,9,111,-1
15.36,-91.46,1999.5,10,13,55,-2
14.55,-90.73,1570,10,3,135,8
  .  ,   .  ,     .  ,    .  ,1,41,8
14.58,-91.46,634.4,10,10,160,7
  .  ,   .  ,     .  ,    .  ,1,44,3
14.89,-91.52,2364.6,10,9,103,3
15,-91.63,2824.1,10,9,94,5
  .  ,   .  ,     .  ,    .  ,1,48,5
16.93,-89.89,97.6,10,17,83,9
14.66,-90.48,1452.65,10,30,506,5
14.64,-90.93,2149.9,10,4,18,-1
14.79,-91.48,2094.9,10,9,90,2
14.6,-90.52,1519,17.33,27,148,11
14.99,-89.72,257.8,10,33,170,3
  .  ,   .  ,     .  ,    .  ,3,135,7
14.71,-91.87,472.5,10,9,112,6
15.29,-91.09,1183.7,29.61,14,121,3
14.84,-91.54,2369.7,10,9,90,3
14.82,-91.64,2583.9,10,9,107,1
15.43,-90.33,1285.9,10,16,1,6
14.81,-91.45,2298.3,10,9,97,-1
14.83,-91.54,2379.7,10,9,90,1
14.86,-91.51,2385.8,10,9,90,5
  .  ,   .  ,     .  ,    .  ,9,90,9
15.29,-91.09,1221.5,10,14,121,3
14.55,-90.74,1524,10,3,135,11
  .  ,   .  ,     .  ,    .  ,30,514,3
14.77,-91.22,2219.4,10,7,151,8
14.85,-91.54,2361.7,10,9,90,6
14.83,-91.54,2374.4,10,9,90,4
  .  ,   .  ,     .  ,    .  ,23,32,4
16.2,-89.44,319.3,10,17,87,7
14.68,-90.41,1130.2,10,30,525,6
14.64,-89.73,809.4,10,21,75,6
16.2,-89.44,422.4,10,17,87,3
14.84,-91.53,2362.3,10,9,90,4
14.85,-91.51,0,17.72,9,90,4
14.58,-90.5,1533.1,10,30,514,3
14.85,-91.51,2340.4,10,9,90,6
14.64,-90.5,1473.54,10,30,501,8
14.99,-91.55,2639,10,9,104,3
14.61,-90.81,1766.6,10,4,19,3
14.65,-91.83,523.5,10,9,110,7
14.57,-90.73,1599.2,30.73,3,135,-1
14.85,-91.51,0,17.72,9,90,7
  .  ,   .  ,     .  ,    .  ,30,512,7
14.84,-91.53,2358.5,10,9,90,2
14.93,-90.66,1230.3,10,14,120,-1
15.26,-89.09,85.6,10,18,70,2
15.51,-91.87,1687.5,10,13,61,3
15.35,-91.46,1996.9,10,13,55,3
14.86,-91.52,2394.7,10,9,90,8
14.66,-90.46,0,87.6,30,525,5
14.83,-91.53,2322.8,10,9,90,3
14.75,-91.21,1689.4,10,7,152,3
14.85,-91.51,2358.9,10,9,90,4
14.99,-90.8,1441.4,10,14,119,7
14.82,-90.92,2023.5,10,4,20,3
14.72,-92.04,106.2,10,12,137,1
14.33,-91.02,401.3,10,23,39,4
15.1,-90.32,940,10,15,15,7
  .  ,   .  ,     .  ,    .  ,30,511,9
15.79,-89.6,226.2,10,16,4,4
14.84,-91.53,2362.1,10,9,90,6
14.33,-91.02,400.1,10,23,39,7
15.03,-91.15,2038.3,10,14,113,8
14.59,-91.52,639.6,10,10,161,7
  .  ,   .  ,     .  ,    .  ,20,26,4
15.36,-90.48,1409,10,16,5,8
15.37,-90.43,1418.3,10,16,9,4
15.1,-90.32,948,10,15,15,7
14.84,-91.49,2388,10,9,90,3
14.85,-91.52,2365.1,10,9,90,6
14.87,-91.62,2522.9,10,9,99,-1
14.57,-90.74,1515.7,10,3,135,10
14.3,-90.36,1250.6,10,27,148,7
16.64,-89.65,164.7,10,17,82,8
14.58,-90.68,1992.3,10,3,134,4
15.48,-90.31,1300.4,10,16,1,7
15.08,-91.65,2626.3,10,9,96,5
15.08,-90.49,955.9,10,15,14,5
14.28,-90.3,923.1,10,27,147,6
14.84,-91.53,2490.8,10,9,90,4
14.64,-90.5,1461.1,10,30,501,4
14.69,-91.02,2205.8,10,4,601,4
15.52,-91.87,1714.9,10,13,61,5
14.57,-90.74,1545,10,3,135,6
  .  ,   .  ,     .  ,    .  ,23,35,-1
14.66,-90.48,0,1400,30,518,5
15.25,-91.5,1729.1,10,13,56,3
15.11,-89.36,199.5,10,33,169,7
  .  ,   .  ,     .  ,    .  ,1,53,5
14.94,-91.44,2587,10,8,165,1
15.03,-91.15,2017.8,10,14,116,3
14.61,-90.8,1509,10,4,19,5
  .  ,   .  ,     .  ,    .  ,23,36,3
14.84,-91.53,2414.5,10,9,90,2
  .  ,   .  ,     .  ,    .  ,30,505,7
15.29,-90.12,483.4,10,16,13,6
  .  ,   .  ,     .  ,    .  ,30,506,-1
14.91,-92.06,357,10,12,141,8
15.1,-90.32,951.6,10,15,15,6
14.64,-90.5,1403.1,10,30,501,6
14.89,-91.51,2345.9,10,9,103,3
14.85,-91.51,2366.2,10,9,90,5
15.81,-89.88,200.5,10,16,2,-1
14.93,-91.92,1003.4,10,12,142,5
14.57,-90.74,1633,10,3,135,3
14.2,-89.79,1036.6,10,22,81,3
  .  ,   .  ,     .  ,    .  ,1,48,7
14.57,-90.74,1497.1,18.16,3,135,4
14.58,-90.73,0,1800,3,135,3
14.36,-89.85,976.9,10,22,78,-1
14.64,-90.5,1481.9,10,30,501,11
14.68,-90.92,2071.5,10,4,22,3
14.58,-90.74,0,15.45,3,135,3
14.62,-90.5,1471.1,10,30,505,7
14.66,-90.44,1485.42,10,30,518,8
14.84,-91.53,2370.3,10,9,90,2
14.86,-91.52,2381,10,9,90,6
14.55,-91.68,246.8,10,25,126,-1
14.95,-91.44,2631.7,10,8,168,2
14.61,-90.8,1790.6,10,4,19,3
14.86,-91.59,2487.2,10,9,98,8
14.57,-90.74,1600.3,10,3,135,6
  .  ,   .  ,     .  ,    .  ,23,31,3
14.62,-90.53,1558.7,10,30,508,-2
14.58,-90.74,1550.1,10,3,135,8
14.83,-91.51,2317,10,9,90,7
14.48,-90.18,1352.4,10,27,150,6
  .  ,   .  ,     .  ,    .  ,30,507,7
14.31,-90.36,1254.8,10,27,148,3
14.58,-90.51,1532.7,10,30,514,6
16.2,-89.44,408.6,10,17,87,6
14.59,-91.73,375.1,10,25,128,5
14.79,-91.92,664.5,10,12,138,8
14.63,-90.45,1520.52,10,30,524,6
14.87,-91.55,2387.8,10,9,90,-1
14.94,-91.11,2103.9,10,14,114,2
14.66,-90.44,1427.9,10,30,518,7
14.93,-90.14,368.2,10,24,30,6
13.93,-91.15,-11,5,23,34,3
14.76,-90.6,1589.4,10,1,50,3
  .  ,   .  ,     .  ,    .  ,30,519,5
14.62,-90.53,1582.4,10,30,503,4
14.92,-91.97,728.5,10,12,139,3
14.26,-90.13,1374.4,10,22,77,4
14.61,-90.81,1787.7,10,4,19,3
14.54,-91.68,228.2,10,25,126,3
14.83,-91.64,2507.8,10,9,107,-1
14.87,-91.56,2502.2,10,9,106,7
14.56,-90.73,1551.5,10,3,135,7
14.94,-91.11,1938.5,10,14,114,8
14.93,-91.69,2606.5,10,9,101,3
14.62,-91.84,349.4,10,9,111,5
16.2,-89.44,389.4,10,17,87,-1
14.52,-90.76,1579.6,10,3,129,5
14.57,-90.73,1548.7,10,3,135,8
14.83,-91.64,2517.8,10,9,107,6
14.31,-90.97,337,5,23,38,6
14.92,-91.55,2769.7,10,9,105,1
14.58,-91.63,380.3,10,25,127,5
14.85,-91.51,2381.5,10.61,9,90,6
15.04,-91.02,1931.8,10,14,117,3
14.83,-91.54,2372.9,10,9,90,1
14.65,-90.47,1480.72,10,30,517,7
14.54,-91.57,344.4,10,10,159,5
14.94,-92,628.6,10,12,140,5
14.77,-91.22,2226,10,7,151,4
14.59,-91.52,666.3,10,10,161,6
15.47,-88.83,53.1,10,18,71,8
14.57,-90.73,1550.7,10,3,135,2
14.63,-90.53,1515,10,30,503,4
14.53,-91.51,393,17,10,158,2
14.86,-91.54,2367,10,9,90,4
  .  ,   .  ,     .  ,    .  ,1,41,7
14.57,-90.74,1544.2,24.78,3,135,7
14.94,-91.69,2671.1,10,9,101,2
14.84,-91.52,2333.6,18.74,9,90,3
  .  ,   .  ,     .  ,    .  ,30,507,3
14.63,-90.53,1499,10,30,503,7
14.63,-90.93,2138.4,10,4,18,5
14.86,-91.59,2522.6,10,9,100,5
14.97,-91.79,2418.8,10,12,144,3
14.93,-90.66,1217.4,10,14,120,7
  .  ,   .  ,     .  ,    .  ,1,53,4
14.55,-90.53,1385.6,10,30,521,4
16.34,-89.42,497.2,10,17,85,4
14.61,-90.8,1774.9,10,4,19,5
14.84,-91.53,2655.8,10,9,90,3
  .  ,   .  ,     .  ,    .  ,30,511,4
15.41,-91.67,1754.5,10,13,65,1
15.35,-90.87,1870.7,10,14,123,3
  .  ,   .  ,     .  ,    .  ,30,508,4
  .  ,   .  ,     .  ,    .  ,30,512,3
15.03,-91.15,2032.2,10.7,14,113,8
14.86,-91.54,2403.5,10,9,90,3
14.99,-91.55,2641.3,10,9,104,2
14.56,-91.65,316.1,10,25,125,2
  .  ,   .  ,     .  ,    .  ,30,507,6
14.57,-90.74,1535.6,10,3,135,5
14.93,-91.53,2743.4,10,9,105,3
14.76,-90.99,2293.8,10,4,23,8
  .  ,   .  ,     .  ,    .  ,30,519,7
15.34,-91.31,1671.6,10,13,59,6
16.93,-89.89,113,10,17,83,7
14.5,-89.87,951.5,10,21,74,2
14.54,-91.41,431,16,10,162,3
14.76,-90.99,2321,10,4,23,5
14.58,-91.46,618.5,10,10,160,7
14.62,-89.62,818.4,10,20,27,3
14.63,-90.49,0,30.92,30,505,9
14.62,-90.53,1806.5,14.98,30,503,6
14.86,-91.94,879.4,10,12,136,1
14.91,-91.98,673.7,10,12,139,-1
14.61,-90.8,1760.7,10,4,19,1
14.67,-90.82,1789.3,10,4,17,3
15.83,-88.75,-0.7,10,18,69,7
  .  ,   .  ,     .  ,    .  ,30,505,3
14.62,-89.62,810.6,10,20,27,-1
  .  ,   .  ,     .  ,    .  ,1,46,2
14.77,-91.18,2080.8,10,7,156,8
14.83,-91.54,2379.3,15.22,9,90,6
14.87,-91.56,2480.7,10,9,106,5
14.83,-91.64,2507.1,10,9,107,3
14.64,-90.46,1526.5,10,30,517,6
  .  ,   .  ,     .  ,    .  ,30,511,-1
14.77,-91.18,2107.9,10,7,156,8
14.65,-91.83,535.9,10,9,111,3
14.62,-89.62,807.8,10,20,27,2
  .  ,   .  ,     .  ,    .  ,30,508,-2
14.84,-91.53,2337.9,10,9,90,8
14.63,-90.68,2043,10,3,132,5
14.64,-90.5,0,900,30,501,3
14.84,-91.53,2368.2,10,9,90,4
14.55,-90.53,1404.2,10,30,521,9
  .  ,   .  ,     .  ,    .  ,1,41,8
15.83,-88.75,28,10,18,69,7
  .  ,   .  ,     .  ,    .  ,3,2,7
14.65,-90.58,1613.2,10,30,519,3
14.83,-91.54,2395.9,10,9,90,2
14.57,-90.74,1633.4,10,3,135,6
14.58,-90.74,1522,5,3,135,-2
14.81,-91.45,2298.1,10,9,97,5
  .  ,   .  ,     .  ,    .  ,3,135,-1
  .  ,   .  ,     .  ,    .  ,1,40,4
15.83,-88.75,4,10,18,69,9
14.92,-91.36,2533.5,10,8,168,4
15.31,-90.24,1044.7,10,16,12,5
14.83,-91.54,2390.9,10,9,90,6
14.57,-90.73,1611.5,10,3,135,7
14.87,-91.56,2492.7,10,9,106,5
  .  ,   .  ,     .  ,    .  ,23,31,7
15.05,-91.41,2261.4,10,8,163,2
14.83,-91.54,2379.4,10,9,90,1
14.55,-90.74,1543.2,10,3,135,4
14.86,-91.53,2395.6,10,9,90,1
14.36,-89.85,1007.9,10,22,78,5
15.41,-91.95,1141,10,13,57,3
14.89,-91.51,2384.6,10,9,103,6
14.94,-91.83,2479.3,10,12,146,3
15.29,-90.12,521.6,10,16,13,4
14.83,-91.64,2550.7,10,9,107,1
16.81,-89.82,213.4,10,17,88,4
  .  ,   .  ,     .  ,    .  ,1,45,4
14.63,-90.53,1617.6,17.91,30,501,3
14.91,-92.06,400.6,10,12,141,5
16.98,-89.9,132.1,10,17,86,4
15,-91.63,2835.4,10,9,94,-2
14.82,-90.91,1976.6,10,4,20,5
14.57,-90.73,1626.4,10,3,135,4
  .  ,   .  ,     .  ,    .  ,30,519,-2
14.54,-90.55,1401.65,10,30,521,8
  .  ,   .  ,     .  ,    .  ,1,44,4
14.51,-91.51,76.8,10,10,157,7
15.47,-88.83,48.1,10,18,71,-2
14.84,-91.52,2362.2,10,9,90,9
  .  ,   .  ,     .  ,    .  ,23,31,6
14.83,-91.54,2378.6,10,9,90,4
  .  ,   .  ,     .  ,    .  ,1,44,3
14.53,-91.51,365.8,10,10,158,6
14.84,-91.53,2381.8,10,9,90,5
14.85,-91.51,0,56.1,9,91,3
14.84,-91.5,2381.5,10,9,90,6
15.35,-91.46,2009.6,10,13,55,8
14.84,-91.51,2352.3,10,9,90,7
14.92,-91.97,713.5,10,12,139,4
14.84,-91.52,2356.9,10,9,90,-1
14.58,-90.74,0,77.98,3,135,6
  .  ,   .  ,     .  ,    .  ,3,135,6
  .  ,   .  ,     .  ,    .  ,23,36,7
14.77,-90.59,1581,10,1,50,3
15.26,-89.09,84.3,10,18,70,3
15.41,-91.95,1145.5,10,13,57,2
14.61,-90.68,2104.4,10,3,2,6
  .  ,   .  ,     .  ,    .  ,7,152,4
14.6,-91.73,388.4,10,25,128,6
14.87,-91.55,2429.1,10,9,90,8
  .  ,   .  ,     .  ,    .  ,30,507,7
15.29,-90.12,492.1,10,16,13,-2
15.48,-90.31,1277.3,17.44,16,7,1
  .  ,   .  ,     .  ,    .  ,3,2,3
14.58,-90.74,1564.2,10,3,135,6
14.65,-91.56,895.2,28.43,9,108,1
  .  ,   .  ,     .  ,    .  ,3,135,7
14.55,-90.53,0,25.92,30,521,-2
14.57,-90.73,1603.4,10,3,135,2
  .  ,   .  ,     .  ,    .  ,3,135,3
14.85,-91.51,2383.8,10,9,90,1
16.79,-90.12,190.3,10,17,84,5
15.05,-91.64,2645.4,10,9,95,1
14.57,-90.73,1592.6,10,3,135,3
15.4,-89.64,61.9,10,16,3,8
14.28,-90.3,958.5,36.4,27,147,3
16.98,-89.9,139.1,10,17,86,5
  .  ,   .  ,     .  ,    .  ,3,135,8
14.84,-91.49,2322.6,10,4,21,2
14.57,-90.74,1465.1,10,3,135,7
  .  ,   .  ,     .  ,    .  ,3,135,-1
14.77,-91.27,2522.2,10,7,153,2
14.69,-90.4,1235.7,10,30,525,7
14.84,-91.5,2354.4,10,9,90,6
14.6,-91.73,398.6,10,25,128,1
15.29,-91.09,1200.8,10,14,121,4
14.57,-90.74,1637.5,10,3,135,7
14.81,-91.49,2261.2,10,9,91,3
15.34,-91.31,1675,10,13,59,-1
14.56,-90.74,1521.3,10,3,135,6
14.83,-91.54,2399.4,10,9,90,5
  .  ,   .  ,     .  ,    .  ,25,125,7
15.08,-91.45,2143.8,10,8,167,6
14.92,-91.98,717.1,10,12,139,-1
14.59,-91.52,645.8,10,10,161,3
14.94,-91.69,2693.7,10,9,101,4
14.86,-91.53,3019.6,10,9,90,4
15.31,-90.23,1015.4,10,16,12,2
14.57,-90.73,1526,10,3,135,8
15.42,-91.77,1627.9,10,13,67,4
14.68,-90.91,2052.6,10,4,23,7
14.56,-90.74,1507,10,3,135,4
14.58,-91.46,617,5,10,160,6
14.61,-90.53,1578.7,10,30,508,3
14.84,-91.53,2364.3,10,9,90,7
  .  ,   .  ,     .  ,    .  ,30,507,7
14.23,-90.95,173,5,23,32,1
16.93,-89.89,140.4,10,17,83,6
14.67,-90.81,1799.1,10,4,17,3
15.35,-90.87,1887,10,14,123,1
14.18,-89.74,674.1,10,22,80,7
14.53,-91.51,384.3,10,10,158,3
15.08,-90.49,961,10,15,14,7
15.62,-91.89,890.4,10,13,60,-1
  .  ,   .  ,     .  ,    .  ,30,511,6
14.57,-90.74,1409,10,3,135,9
15.33,-91.03,1849.4,10,14,122,2
14.62,-91.84,363.4,10,9,111,6
14.81,-91.49,2273.9,10,9,91,4
14.86,-91.94,876.3,10,12,136,3
14.65,-90.74,1890.1,10,3,133,6
14.65,-90.47,1584.6,10,30,517,4
15.41,-91.67,1746.9,10,13,65,1
14.97,-91.78,2362,10,12,144,3
15.04,-89.58,195.5,10,33,171,4
14.64,-89.73,804,10,21,75,-1
14.55,-90.74,1755,10,3,135,8
14.63,-90.45,1508.88,10,30,524,3
14.57,-90.73,1550.8,10,3,135,8
  .  ,   .  ,     .  ,    .  ,3,2,7
14.56,-90.74,1539.3,10,3,135,4
14.93,-91.91,1038.7,10,12,142,-1
14.94,-91.44,2621.1,10,8,165,-1
14.2,-89.79,1056,10,22,81,3
14.51,-91.51,280.4,10,10,157,5
14.58,-90.74,0,1700,3,135,3
14.62,-91.83,373.2,10,9,111,8
14.94,-91.11,2205.6,17.83,14,114,6
14.68,-90.92,2143.1,10,4,22,-1
16.64,-89.65,297.6,10,17,82,3
15.37,-90.43,1439.3,10,16,9,6
14.65,-90.51,1485.7,17.64,30,502,3
15.05,-91.41,2226.4,10,8,163,8
16.93,-89.89,118.1,10,17,83,7
15.25,-89.09,0,10.28,18,70,7
14.57,-90.73,1617.1,10,3,135,3
14.67,-90.46,1541.5,10,30,518,3
13.93,-91.15,2,10,23,34,3
15.29,-91.09,1216.7,10,14,121,4
15.8,-91.75,783.1,10,13,67,7
15.05,-91.64,2622.2,10,9,95,9
14.68,-90.41,1179.3,10.3,30,525,4
  .  ,   .  ,     .  ,    .  ,3,2,7
15.54,-89.33,24.1,10,18,68,9
  .  ,   .  ,     .  ,    .  ,23,31,7
14.58,-91.46,615,10,10,160,4
14.91,-91.44,2323.7,10,8,164,-1
14.91,-91.98,715.6,10,12,139,-1
  .  ,   .  ,     .  ,    .  ,1,46,6
14.94,-91.82,2479.3,10,12,146,4
14.95,-91.44,2618.3,10,8,165,7
  .  ,   .  ,     .  ,    .  ,1,48,3
14.28,-90.3,901.1,10,27,147,1
14.84,-91.54,2383.7,10,9,90,7
15.1,-91.15,2042.5,21.38,14,115,6
14.72,-92.04,92.3,10,12,137,6
14.21,-90.85,104,5,23,37,7
  .  ,   .  ,     .  ,    .  ,30,519,3
14.66,-89.85,1070.9,10,21,76,7
14.29,-89.89,907.4,10,22,79,3
15.83,-88.75,18.1,10,18,69,2
14.3,-90.36,1210.3,10,27,148,3
14.84,-91.53,2359.3,10,9,90,10
14.57,-90.73,1557.5,10,3,135,4
14.58,-90.5,1567.3,10,30,514,7
14.31,-90.36,1205.5,10,27,148,6
14.77,-91.27,2517.2,10,7,153,3
14.63,-90.46,1535.1,10,30,516,7
  .  ,   .  ,     .  ,    .  ,3,135,3
16.2,-89.44,398.6,10,17,87,3
14.65,-90.74,1900.8,10,3,133,3
14.99,-91.55,2624.9,10,9,104,6
14.54,-90.55,1389.04,10,30,521,11
15.41,-91.67,1757.8,10,13,65,4
15.08,-90.49,997.4,10,15,14,3
14.62,-90.45,1504.7,10,30,524,7
15.42,-91.77,1635.8,10.14,13,63,5
14.86,-91.52,2373.4,10,9,90,6
14.65,-91.56,893.7,10,9,108,6
14.82,-90.51,1441.5,21.59,1,42,5
14.94,-91.82,2459,10,12,146,3
14.91,-91.98,713.2,10,12,139,2
15.74,-88.6,55.6,10,18,72,-1
  .  ,   .  ,     .  ,    .  ,3,135,7
15.4,-91.66,1765.6,10,13,65,7
  .  ,   .  ,     .  ,    .  ,30,512,7
14.79,-91.92,712.4,10,12,138,3
14.85,-90.07,53,102,24,29,8
14.6,-91.73,407.4,10,25,128,6
15.08,-90.49,964.7,10,15,14,4
14.66,-90.51,1454.1,10,30,502,7
14.86,-91.52,2412.4,10,9,90,7
14.66,-90.47,1465.2,10,30,518,4
15.35,-90.87,1878.4,10,14,123,6
  .  ,   .  ,     .  ,    .  ,30,512,8
14.85,-91.51,2353.6,10,9,90,5
14.57,-90.74,1484.8,10,3,135,-1
14.57,-90.73,1549.9,10,3,135,4
14.84,-91.5,0,24.42,9,90,4
  .  ,   .  ,     .  ,    .  ,30,519,9
15.32,-90.35,1480.3,10,16,11,3
  .  ,   .  ,     .  ,    .  ,30,511,7
15.05,-91.64,2656.8,10,9,95,4
14.56,-90.74,1560,10,3,135,6
14.56,-90.73,1533.7,10,3,135,6
14.57,-90.73,1599.4,10,3,135,3
15.06,-90.24,1042.5,10,15,16,2
14.66,-89.85,1104.1,10,21,75,3
15.73,-88.6,22.5,10,18,72,7
14.48,-90.18,1220.8,10,27,150,4
14.63,-89.98,1377.3,10,21,73,5
14.63,-90.67,2088.9,10,3,2,4
  .  ,   .  ,     .  ,    .  ,30,512,4
15.08,-90.49,1012.5,10,15,14,5
15.4,-89.64,25.5,10,16,10,3
14.65,-90.58,1612.6,10,30,519,1
14.31,-90.97,343,10,23,38,6
14.83,-91.54,2386.9,10,9,90,5
16.34,-89.42,411.9,10,17,85,4
14.94,-91.83,2495.5,10,12,146,6
14.35,-89.85,906.1,10,22,78,7
14.26,-90.13,1271.1,10,22,77,3
14.36,-89.85,969.3,10,22,78,8
14.61,-90.81,1778.2,10,4,19,4
14.54,-91.42,413.3,10,10,162,1
14.6,-90.52,1522.3,17.34,27,148,7
15.36,-91.46,0,2100,13,55,-1
15.29,-91.09,1194.2,10,14,121,5
14.86,-91.52,2385.8,10,9,90,4
14.66,-89.84,1097.4,10,21,76,3
14.64,-90.68,2061.3,10,3,132,7
14.68,-90.41,1229.9,10,30,525,3
14.3,-90.35,1220.8,10,27,148,6
14.75,-91.15,1607.6,10,7,155,3
16.79,-90.12,455.1,10,17,84,8
  .  ,   .  ,     .  ,    .  ,1,44,5
15.4,-89.64,25.5,10,16,10,3
14.57,-90.74,1463.4,10,3,135,7
14.67,-90.46,1553.1,10,30,518,8
  .  ,   .  ,     .  ,    .  ,1,41,-2
13.93,-91.15,1.9,10,23,34,2
15.36,-90.48,1375.7,10,16,5,-2
14.65,-90.79,1798.7,10,4,24,4
  .  ,   .  ,     .  ,    .  ,30,511,8
14.51,-91.51,282.3,10,10,157,6
  .  ,   .  ,     .  ,    .  ,1,40,-2
  .  ,   .  ,     .  ,    .  ,7,155,7
14.92,-91.62,2527.3,10,9,93,2
14.51,-91.51,325,10,10,157,3
15.32,-90.35,1422.3,10.84,16,11,5
14.86,-91.54,2405.4,10,9,90,5
14.89,-91.51,2368.8,10,9,103,3
14.57,-90.74,1542.9,10,3,135,4
14.58,-90.74,1612,10,3,135,6
14.23,-90.95,170.3,10,23,32,6
14.79,-91.48,1994.3,10,9,109,-1
15.31,-89.89,137.6,10,16,8,1
14.86,-91.54,2397.1,10,9,90,10
14.58,-90.74,1551,4,3,135,3
14.88,-91.46,2311.8,10,9,102,6
14.99,-90.8,1421.2,10,14,119,9
  .  ,   .  ,     .  ,    .  ,30,512,3
15.08,-91.45,2138,10,8,167,4
  .  ,   .  ,     .  ,    .  ,3,135,6
14.57,-90.73,1708.1,11.68,3,135,2
15.35,-90.87,1887.3,10,14,123,7
15.05,-89.59,223.8,10,33,171,4
14.57,-90.74,1528.7,10,3,135,1
14.84,-91.32,2476.8,10,7,154,2
14.56,-90.73,1558.8,13.53,3,135,3
14.99,-89.72,257.3,10,33,170,2
14.38,-90.29,1003.2,10,27,149,-2
14.93,-91.69,2641,10,9,101,1
15.46,-90.37,1293.7,10,16,1,6
14.29,-89.89,892.7,10,22,79,8
15.07,-91.66,2612.7,10,9,96,5
14.56,-90.74,1488.5,11.68,3,135,2
14.56,-90.74,1537.3,10,3,135,8
14.63,-90.45,1644.4,10,30,524,3
14.56,-90.73,1556.1,10,3,135,8
14.65,-90.79,1785.3,10,4,24,7
14.58,-90.74,0,1700,3,135,3
14.83,-91.54,2423.8,10,9,90,4
14.94,-91.11,2086.2,10,14,114,8
14.63,-90.67,2083.5,10,3,2,3
14.58,-91.63,376.1,12.18,25,127,6
14.66,-90.47,1568.91,10,30,518,7
14.58,-90.74,0,95.05,3,135,3
15.48,-90.31,1300.4,10,16,7,8
14.48,-90.18,1332.1,10,27,150,2
14.88,-91.46,2369.9,10,9,102,4
  .  ,   .  ,     .  ,    .  ,1,53,6
15.62,-91.89,907.4,10,13,60,3
14.63,-90.93,2119.2,10,4,18,-1
14.86,-91.52,2411,10,9,90,7
  .  ,   .  ,     .  ,    .  ,23,36,7
14.85,-91.52,2366.8,10,9,90,7
  .  ,   .  ,     .  ,    .  ,3,133,6
14.66,-90.47,1823.9,10,30,518,7
14.56,-90.73,1541,10,3,135,2
14.26,-90.13,1301.4,10,22,77,1
15.1,-91.15,2123,10,14,115,5
14.96,-91.73,2338.5,10,12,145,2
14.62,-90.48,387.6,10,30,516,5
14.96,-91.21,2337,10,14,124,1
16.66,-90.3,103.3,10,17,89,4
  .  ,   .  ,     .  ,    .  ,3,135,5
14.99,-91.62,2774.2,10,9,94,1
14.92,-90.66,1227.4,10,14,120,8
14.85,-91.51,2378,10,9,90,6
15.42,-89.82,917.6,10,16,10,2
14.3,-90.97,355,5,23,38,5
15.06,-90.24,1012.1,10,15,16,6
14.77,-91.18,2103.9,10,7,156,4
15.32,-90.35,1433.7,53.92,16,11,6
14.83,-91.54,2397.6,10,9,90,4
15.09,-91.46,2099.4,10,8,167,8
14.79,-91.93,613,10,12,138,4
14.91,-92.06,384.7,10,12,141,3
  .  ,   .  ,     .  ,    .  ,9,90,7
14.84,-91.53,2355.4,10,9,90,5
14.58,-90.74,0,92.9,3,135,3
14.87,-91.63,2498.1,10,9,99,1
14.83,-91.54,2383.8,10,9,90,7
15.41,-91.67,1746.5,10,13,65,7
14.65,-90.51,1487.5,41.03,30,502,-1
14.56,-90.74,1536.2,10,3,135,5
14.2,-90.85,116,5,23,37,4
14.84,-91.53,2360.2,10,9,90,5
14.91,-92.06,364.2,10,12,141,2
14.85,-91.52,2344.7,10,9,90,8
14.28,-90.3,937.8,10,27,147,3
17.12,-89.68,265,10,17,88,6
  .  ,   .  ,     .  ,    .  ,30,506,2
16.79,-90.12,226.8,10,17,84,6
  .  ,   .  ,     .  ,    .  ,20,25,8
  .  ,   .  ,     .  ,    .  ,7,156,5
15.37,-90.48,1395.6,10,16,5,7
14.84,-91.53,2359.2,10,9,90,6
14.23,-90.95,165.1,10,23,32,6
15.49,-91.77,1580.6,10,13,64,1
14.83,-91.54,2375.5,10,9,90,7
14.52,-90.76,1593.2,10,3,129,-1
14.99,-89.72,247.8,10,33,170,8
14.66,-90.89,2071.4,10,4,18,3
14.48,-90.18,1354.9,13.15,27,150,4
16.79,-90.12,193.8,10,17,84,7
14.92,-91.62,2583,26.23,9,93,1
14.56,-90.73,1534.8,10,3,135,4
14.93,-91.7,2618.7,10,9,101,6
14.57,-90.73,1561.5,10,3,135,9
14.77,-91.18,2090.7,10,7,156,5
  .  ,   .  ,     .  ,    .  ,30,505,6
14.83,-91.64,2533.5,10,9,107,3
14.86,-91.49,0,2700,9,90,4
15.1,-91.15,2128.9,10,14,115,7
14.85,-91.52,2349.5,10,9,90,7
15.49,-91.76,1535.4,10,13,64,1
16.93,-89.89,108.5,10,17,83,6
14.84,-91.53,2350.7,10,9,90,-1
14.98,-91.55,2659.9,13.64,9,104,-1
14.58,-90.74,1547.4,13.43,3,135,3
14.84,-91.53,2353.9,10,9,90,1
14.86,-91.62,2527.4,10,9,100,1
14.55,-90.73,1522.4,10,3,135,6
14.6,-90.52,1523.3,17.11,3,2,7
15.29,-91.09,1085.1,10,14,121,4
14.68,-90.41,1176.5,10,30,525,5
  .  ,   .  ,     .  ,    .  ,12,136,8
14.91,-91.98,723.4,10,12,139,2
14.85,-91.52,2323.6,10,9,90,7
14.77,-90.37,910.6,10,1,47,-2
14.93,-91.92,1004.4,10,12,142,-1
14.67,-90.46,556.2,10,30,518,7
  .  ,   .  ,     .  ,    .  ,30,514,5
15.04,-91.02,1928.3,10,14,117,7
15.46,-90.37,1319.7,10,16,1,8
  .  ,   .  ,     .  ,    .  ,1,48,-1
15.04,-91.41,2267.3,10,8,165,6
14.2,-89.79,1068.7,10,22,81,3
  .  ,   .  ,     .  ,    .  ,23,36,3
14.58,-90.74,1533,11,3,135,3
15.53,-89.34,27.9,10,18,68,7
14.96,-91.8,2437.4,10,12,143,3
14.8,-89.55,451.3,10,20,26,3
14.6,-90.52,1522.3,17.34,27,148,8
15.01,-91.06,2012.4,21.06,14,116,-1
14.99,-91.55,2628.6,10,9,104,1
14.55,-90.73,1539.5,10,3,135,11
14.91,-92.06,467.1,10,12,141,2
14.57,-90.73,1568.7,10,3,135,5
14.56,-90.74,1520.1,10,3,135,7
14.55,-90.73,1537.6,10,3,135,5
14.54,-91.57,338.9,10,10,159,6
14.99,-89.72,270,10,33,169,3
14.83,-91.52,2344.1,10,9,90,6
  .  ,   .  ,     .  ,    .  ,30,508,6
  .  ,   .  ,     .  ,    .  ,9,90,4
14.7,-91.86,524.4,10,9,112,9
14.59,-91.73,385.4,10,25,128,7
14.84,-91.5,2332.4,10,9,90,7
  .  ,   .  ,     .  ,    .  ,30,519,3
14.65,-90.47,1331,10,30,517,6
  .  ,   .  ,     .  ,    .  ,3,2,7
14.31,-90.97,367.9,10,23,38,5
15.06,-90.24,1001,10,15,16,1
14.84,-91.52,2372.6,10,9,90,6
15.31,-91.49,1887.4,10,13,58,4
15.31,-90.23,984.6,10,16,12,4
  .  ,   .  ,     .  ,    .  ,30,511,-1
15.42,-90.33,1376.7,10,16,6,3
14.62,-90.51,1487.75,13.52,1,54,-2
16.2,-89.44,385.4,10,17,87,-1
14.56,-90.74,1543.7,10.12,3,135,9
14.57,-90.73,1629.7,10,3,135,4
15.41,-91.67,1766.4,10,13,65,-2
14.57,-90.73,1578.9,10,3,135,8
14.63,-90.45,1549.1,10,30,524,3
  .  ,   .  ,     .  ,    .  ,30,507,6
14.65,-90.47,1521.21,10.56,30,517,4
14.36,-89.85,984.1,10,22,78,7
14.69,-90.4,1228,10,30,525,6
14.56,-90.73,1558.4,10,3,135,4
15.03,-91.15,2008.7,10,14,113,3
14.94,-91.11,2095.1,10,14,114,4
14.58,-90.74,1540,5,3,135,1
14.84,-91.53,2330.9,10,9,90,5
14.57,-90.74,1554.4,10,3,135,10
14.65,-90.58,1609.87,10,30,519,7
15.54,-89.33,-2,10,18,68,4
14.63,-90.45,1635.5,10,30,524,3
14.91,-92.06,358.1,10,12,141,3
14.3,-90.97,359.5,10,23,38,6
14.55,-90.73,1514.4,10,3,135,8
14.83,-91.51,2322.6,10,9,90,3
15.41,-91.67,1726.9,10,13,65,3
14.65,-90.58,1610.56,10,30,518,5
14.62,-90.45,1580.9,10,30,524,5
  .  ,   .  ,     .  ,    .  ,1,44,2
14.85,-91.52,2353.2,10,9,90,2
14.77,-91.22,2203.3,10,7,151,4
14.29,-89.89,896.5,10,22,79,6
  .  ,   .  ,     .  ,    .  ,9,98,-2
  .  ,   .  ,     .  ,    .  ,10,160,-1
15.1,-90.32,940.5,10,15,15,8
14.61,-90.68,2120.7,10,3,2,4
  .  ,   .  ,     .  ,    .  ,3,2,7
15.31,-90.23,1038,10,16,12,3
14.66,-90.46,0,34.51,30,503,2
14.91,-91.98,714.8,10,12,139,8
14.58,-90.68,1978.5,10,3,134,3
14.84,-91.53,2334.9,10,9,90,6
  .  ,   .  ,     .  ,    .  ,30,508,-1
15.48,-88.83,46.6,10,18,71,3
  .  ,   .  ,     .  ,    .  ,10,160,3
  .  ,   .  ,     .  ,    .  ,1,46,-2
14.98,-91.55,2620,10,9,104,3
15.49,-91.76,1571.9,10,13,64,3
14.63,-90.45,1520.73,10,30,524,6
15.73,-88.6,18.2,10,18,72,8
14.86,-91.53,2393.5,10,9,90,3
14.74,-91.15,1575,10,7,155,3
14.62,-90.45,1522.78,10,30,524,-1
14.62,-89.62,827.6,10,20,27,3
15.05,-89.58,193.4,10,33,171,7
14.83,-91.51,2367.4,10,9,90,6
  .  ,   .  ,     .  ,    .  ,30,507,5
  .  ,   .  ,     .  ,    .  ,13,62,3
14.84,-91.53,2342.3,10,9,90,3
14.63,-90.93,2163,10,4,18,2
15.08,-90.49,1019.7,10,15,14,5
14.57,-90.74,1606,10,3,135,8
14.57,-90.74,1545,5,3,135,-2
14.92,-91.61,2481.7,10,9,93,-1
14.89,-91.62,2403.7,10,9,92,2
14.99,-89.72,177,10,33,170,7
14.91,-91.98,720.4,10,12,139,2
15.49,-91.76,1629.3,10,13,64,8
14.56,-91.65,337,10,25,125,-1
14.85,-91.54,2385.2,10,9,90,3
  .  ,   .  ,     .  ,    .  ,1,53,5
14.8,-89.54,0,72.9,20,28,3
15.34,-91.03,1840.7,10,14,122,4
14.83,-91.54,2364.8,10,9,90,6
14.85,-91.52,2360.2,10,9,90,5
14.8,-89.54,416.4,17.76,33,170,4
15.42,-91.77,1627.9,10,13,67,7
14.55,-90.73,1533.7,10,3,135,8
14.56,-90.73,1564.8,10,3,135,9
14.66,-90.44,1450.4,10,30,518,6
14.58,-90.68,1978.5,12.85,3,134,2
15.36,-91.46,0,2100,13,55,7
15.8,-91.75,828.9,10,13,67,3
14.82,-89.39,430.3,13.23,20,26,5
15.25,-91.5,1709,10,13,56,7
14.66,-90.49,1471.75,10,30,506,2
  .  ,   .  ,     .  ,    .  ,1,53,4
  .  ,   .  ,     .  ,    .  ,30,511,8
14.85,-91.51,2325.3,10,9,90,7
14.57,-90.73,1636.8,10,3,135,7
14.76,-90.59,1572.1,10,1,50,7
14.93,-91.62,2523.9,10,9,93,-2
14.96,-91.73,2330,5,12,145,2
14.96,-91.21,2361.7,10,14,124,6
14.86,-90.07,525.2,10,24,29,7
15.41,-91.95,1130.1,10,13,57,2
14.85,-91.52,2371.9,10,9,90,3
15.34,-91.02,1842.4,10,14,122,3
14.57,-90.74,1528,10,3,135,6
14.58,-90.68,1974,10,3,134,-2
14.96,-91.8,2400.3,10,12,143,3
15.8,-91.75,795,10,13,67,3
14.5,-89.87,952.4,10,21,74,-1
  .  ,   .  ,     .  ,    .  ,30,507,4
15.32,-90.35,1479.9,31.48,16,11,5
15.34,-91.31,1672.4,10,13,59,3
  .  ,   .  ,     .  ,    .  ,30,512,3
14.86,-91.53,2388,10,9,90,1
  .  ,   .  ,     .  ,    .  ,30,507,7
14.92,-91.54,2752.3,10,9,105,6
14.69,-91.02,2222.9,10,4,601,3
14.28,-90.3,958.5,36.4,27,147,5
14.67,-89.85,1106.8,10,21,76,3
14.67,-90.46,1510.3,10,30,518,3
  .  ,   .  ,     .  ,    .  ,30,508,-1
14.96,-91.21,2327,10,14,124,6
14.61,-90.5,1637.1,10,1,54,3
14.65,-91.56,897.2,10,9,108,1
14.58,-90.51,1527.7,10,30,514,7
14.96,-91.21,2331,11,14,124,5
  .  ,   .  ,     .  ,    .  ,30,512,8
  .  ,   .  ,     .  ,    .  ,30,513,8
15.8,-91.75,815.8,10,13,67,-1
14.86,-91.53,2380.6,10,9,90,6
14.86,-91.54,2396.9,10,9,90,2
14.66,-91.82,542.8,10,9,110,4
  .  ,   .  ,     .  ,    .  ,1,40,5
  .  ,   .  ,     .  ,    .  ,23,36,7
14.68,-90.36,1304.9,10,1,45,4
  .  ,   .  ,     .  ,    .  ,23,31,2
14.82,-90.91,2008.6,10,4,20,3
14.76,-90.99,2304.4,10,4,23,5
15.29,-91.09,1194.1,10,14,121,3
14.26,-90.13,1348.7,15.73,22,77,4
14.82,-90.91,2011.3,10,4,20,4
  .  ,   .  ,     .  ,    .  ,30,505,8
14.84,-91.49,2322.6,10,9,90,4
16.93,-89.89,107.6,10,17,83,-2
14.54,-91.57,328.2,10,10,159,6
14.97,-91.21,2300.1,10,14,124,1
  .  ,   .  ,     .  ,    .  ,23,35,4
14.68,-90.92,2077.6,10,4,22,2
16.66,-90.29,125.9,10,17,89,1
14.86,-91.52,2375.1,10,9,90,9
14.54,-91.51,404.9,10,10,158,7
14.66,-90.48,1530.2,16.09,30,506,3
  .  ,   .  ,     .  ,    .  ,1,53,5
  .  ,   .  ,     .  ,    .  ,30,508,4
14.58,-90.74,1913.7,10,3,135,6
  .  ,   .  ,     .  ,    .  ,30,511,8
14.57,-90.73,1594.3,10,3,135,6
14.87,-91.56,2464.6,10,9,106,4
14.95,-91.45,2602.9,10,8,164,-1
15.29,-91.09,1167.6,10,14,121,3
14.99,-90.81,1411.6,10,14,119,3
14.93,-91.69,2629.8,10,9,101,8
  .  ,   .  ,     .  ,    .  ,1,41,5
14.82,-90.52,1410.1,10,1,42,3
14.62,-89.62,807.8,10,20,27,2
14.6,-90.52,1518.9,23.78,30,507,3
14.48,-90.18,1231,10,27,150,2
14.65,-90.79,1785.8,10,4,24,3
14.85,-91.51,2341.1,10,9,90,6
15.25,-91.49,1712.4,10,13,56,8
14.7,-91.86,501.2,10,9,112,7
15.8,-91.75,816.3,10,13,67,6
  .  ,   .  ,     .  ,    .  ,1,48,5
14.59,-91.52,649,10,10,161,-2
14.23,-90.95,172.3,10,23,32,4
14.82,-89.39,433.3,10,20,25,4
14.57,-90.73,1563.4,10.8,3,135,6
14.57,-90.73,1585.8,10,3,135,8
14.83,-91.51,2324.5,10,9,90,7
14.57,-90.73,1583.9,10,3,135,6
  .  ,   .  ,     .  ,    .  ,3,131,-1
14.63,-89.99,1408,10,21,73,9
14.63,-89.99,1389.4,10,21,73,7
  .  ,   .  ,     .  ,    .  ,7,156,5
15.49,-91.77,1497.1,14,9,103,6
15.31,-90.23,1161.3,10,16,10,5
14.58,-90.74,1561,41.77,3,135,6
  .  ,   .  ,     .  ,    .  ,9,90,6
14.56,-90.74,1531.7,10,3,135,8
14.57,-90.73,1570.4,10,3,135,7
15.37,-90.43,1409.9,10,16,9,8
14.91,-91.44,2349.6,10,8,164,6
14.94,-91.83,2528.2,10,12,146,7
14.58,-90.74,1545,6,3,135,5
14.5,-89.87,965.4,10,21,74,1
  .  ,   .  ,     .  ,    .  ,20,26,3
14.63,-90.46,1483.3,10,30,516,3
14.86,-91.93,937.3,10,12,136,5
14.51,-91.51,299,10,10,158,3
14.82,-90.52,1434.6,10,1,42,3
15.42,-89.82,1254.5,10.3,16,10,5
14.57,-90.73,1630.1,10,3,135,5
15.49,-91.76,1582.9,10,13,64,1
15.53,-89.33,27.9,10,18,68,-1
15.31,-89.89,117.4,11.2,16,8,1
14.62,-90.53,1540.8,10,30,503,3
15.4,-89.64,-77.5,10,16,3,5
14.9,-91.62,2437.5,10,9,92,-1
14.61,-90.53,1555.5,10,30,508,3
14.8,-89.54,0,72.9,20,28,4
14.62,-90.48,1545.6,10,30,516,3
14.81,-91.45,2300.4,10,9,97,5
  .  ,   .  ,     .  ,    .  ,23,35,3
  .  ,   .  ,     .  ,    .  ,1,43,4
14.93,-90.66,1248.4,10,14,120,3
15.11,-89.36,126.6,10,33,169,3
  .  ,   .  ,     .  ,    .  ,3,135,6
15.35,-91.46,2012.9,10,13,55,6
15.52,-91.86,1537.8,10,13,61,1
  .  ,   .  ,     .  ,    .  ,13,63,1
15.34,-91.31,1675.9,10,13,59,1
15.37,-90.43,1410.4,10,16,9,8
  .  ,   .  ,     .  ,    .  ,23,31,6
14.93,-92.01,608,10,12,140,3
14.93,-90.15,328.1,10,24,30,6
14.57,-90.74,1560.1,10,3,135,7
14.57,-90.73,1602,4,3,135,5
15.51,-91.87,1666,10,13,61,3
14.64,-90.5,1523.9,14.4,30,501,3
14.18,-89.74,699.7,22.32,22,77,4
  .  ,   .  ,     .  ,    .  ,23,36,8
15.08,-90.49,977.2,10,15,14,7
14.57,-90.74,1551.9,10,1,54,-2
15.37,-90.48,1381.5,10,16,5,6
  .  ,   .  ,     .  ,    .  ,23,35,7
14.54,-91.41,405.1,10,10,162,7
14.65,-90.79,1910.8,10,4,24,4
15.05,-91.64,2632.2,10,9,95,2
14.81,-91.49,2276.4,10,9,91,-1
14.68,-90.41,0,1300,30,525,-1
15.48,-90.31,1300.4,10,16,1,3
14.55,-90.74,1547.1,10,3,135,-2
14.66,-90.51,1431.4,12.65,30,502,7
16.98,-89.9,117.6,10,17,86,-1
15.49,-91.77,1497.1,14,13,64,7
14.09,-91.05,27.9,10,23,33,7
14.56,-90.74,1518.5,14.67,3,135,-2
14.6,-91.73,383.1,10,25,128,1
14.89,-91.51,2411.2,10,9,103,6
  .  ,   .  ,     .  ,    .  ,7,151,3
14.55,-90.73,1545,10,3,135,7
14.68,-90.36,1332.3,10,1,45,4
14.61,-90.68,2104.9,10,3,2,1
14.58,-91.46,642.1,10,10,160,5
14.65,-90.51,1071.6,11.5,30,502,-1
14.08,-91.05,38,4,23,33,4
  .  ,   .  ,     .  ,    .  ,3,131,2
16.66,-90.3,123.9,10,17,89,5
14.58,-90.74,1654,8,3,135,8
14.57,-90.73,1585.1,10,3,135,3
14.86,-91.53,2392.1,10,9,90,6
14.64,-90.5,1535.7,10,30,501,5
14.85,-91.62,2604.7,10,9,100,7
14.88,-91.45,2417.2,10,9,102,3
14.57,-90.74,0,1700,3,135,-2
14.85,-91.52,2350.8,10,9,90,6
  .  ,   .  ,     .  ,    .  ,30,511,6
14.63,-90.45,1431.2,10,30,524,-2
14.77,-90.45,1114.2,10,1,49,1
14.69,-91.02,2226.8,10,4,601,3
15.43,-90.33,1366.8,10,16,6,8
14.64,-91.56,891,10,9,108,3
14.87,-91.56,2448.5,10,9,106,7
  .  ,   .  ,     .  ,    .  ,20,25,6
14.58,-90.5,1545.74,10,30,514,4
14.94,-91.83,2488.7,10,12,146,3
14.58,-90.74,0,16,3,135,9
14.85,-91.51,2380,10,9,90,1
14.18,-89.74,670.4,10,22,80,3
  .  ,   .  ,     .  ,    .  ,30,505,6
14.79,-91.93,588.4,10,12,138,7
15.48,-90.32,1320.4,10,16,7,4
15.11,-89.36,124.4,10,33,169,3
  .  ,   .  ,     .  ,    .  ,9,90,1
14.87,-91.56,2484.1,10,9,106,8
14.86,-91.51,2382.4,10,9,90,7
14.57,-90.73,1592.6,10,3,135,7
15.13,-91.24,1891.4,10,8,166,5
15.32,-89.89,117.3,10,16,8,4
14.96,-91.8,2486,10,12,143,9
  .  ,   .  ,     .  ,    .  ,30,507,3
14.57,-90.74,1560.1,10,3,135,-1
14.58,-91.62,387.9,10,25,127,6
14.83,-91.51,2359.1,10,9,90,4
14.99,-89.72,252.2,12.41,33,170,2
14.64,-90.46,1497.4,10,30,517,4
14.65,-90.51,0,10,30,502,3
16.64,-89.65,281.3,10,17,82,3
  .  ,   .  ,     .  ,    .  ,3,135,7
14.21,-90.85,115.1,10,23,37,5
14.57,-90.74,1524.1,10,3,135,3
14.57,-90.74,1592.1,10,3,135,5
14.64,-89.44,661.7,10,20,28,2
14.57,-90.73,1574.3,10,3,135,2
14.62,-90.53,1567,10,30,503,8
15.48,-90.31,1300.1,10,16,7,1
14.81,-91.49,2273.9,10,9,97,3
14.57,-90.74,1644.4,10,3,135,6
14.85,-91.62,2591.5,10,9,100,7
14.83,-91.51,2331.3,10,9,90,6
14.98,-91.55,2630,10,9,104,8
15.35,-90.87,0,104.1,9,90,-1
14.57,-90.73,1611.7,10,3,135,3
14.96,-91.73,2339.2,10,12,145,6
16.79,-90.12,169.7,10,17,84,3
  .  ,   .  ,     .  ,    .  ,1,48,3
  .  ,   .  ,     .  ,    .  ,30,511,-1
14.56,-90.74,1540.6,10,3,135,5
14.86,-91.52,2393.1,10,9,90,-1
14.84,-91.53,2341,10,9,90,2
14.63,-90.93,2129.3,10,4,18,3
  .  ,   .  ,     .  ,    .  ,7,156,6
  .  ,   .  ,     .  ,    .  ,1,53,7
14.52,-90.76,1551.7,10,3,129,3
14.94,-91.83,2480.6,10,12,146,4
  .  ,   .  ,     .  ,    .  ,1,42,2
14.64,-89.73,813.6,10,21,75,6
15.48,-90.31,1225.5,10,16,7,7
14.57,-90.73,1613.3,10,3,135,8
  .  ,   .  ,     .  ,    .  ,30,505,8
16.34,-89.42,541.8,10,17,85,-1
14.57,-90.73,1560.8,10,3,135,1
14.83,-91.51,2346.8,10,9,90,4
14.61,-90.68,2107.1,10,3,2,8
14.57,-90.73,1550.7,14.67,3,135,1
14.84,-91.53,2374.4,10,9,90,-1
14.64,-90.5,1463.1,10,30,501,3
15.41,-91.95,1239.1,10,13,57,8
  .  ,   .  ,     .  ,    .  ,3,2,7
14.84,-91.32,2500,10,7,154,9
14.69,-91.02,2199.8,10,4,601,3
14.57,-90.74,1535.7,10,3,135,1
14.84,-91.53,2372.5,10,9,90,6
14.87,-91.56,2471.5,10,9,106,1
14.63,-90.45,1488.4,10,30,524,3
  .  ,   .  ,     .  ,    .  ,30,519,-1
  .  ,   .  ,     .  ,    .  ,1,48,6
14.86,-90.07,532.2,10,24,29,7
14.84,-91.53,2347.9,10,9,90,3
  .  ,   .  ,     .  ,    .  ,20,26,5
14.84,-91.52,2358,10,9,90,3
14.23,-90.95,160.6,10,23,32,6
14.62,-90.53,0,900,30,503,7
14.84,-91.53,2351.3,10,9,90,8
14.74,-91.21,1857.4,10,7,152,3
14.93,-91.53,2735.4,10,9,105,1
14.66,-90.48,1522.82,10,30,506,-1
15.36,-91.46,2037.9,10,13,55,6
15.04,-91.15,2005.5,10,14,117,7
14.49,-90.71,2078.8,10,3,130,-1
15.04,-91.03,1944,10,14,117,4
13.93,-91.15,-31,5,23,34,2
14.84,-91.53,2373,10,9,90,7
14.99,-89.72,257.8,10,33,170,6
  .  ,   .  ,     .  ,    .  ,30,507,1
  .  ,   .  ,     .  ,    .  ,3,135,7
14.99,-91.63,2836.6,10,9,94,4
14.65,-90.74,1895.1,10,3,133,4
14.57,-90.74,1546.8,10,3,135,4
14.54,-91.51,400.7,10,10,158,7
14.49,-90.71,2136.5,10,3,130,2
14.61,-90.53,1605.78,10,30,518,8
15.39,-91.73,1388.1,10,13,62,8
14.28,-89.89,893.7,10,22,79,8
14.93,-91.91,1022.7,10,12,142,3
14.74,-91.15,1694.5,10,7,155,5
15.62,-91.89,917.6,10,13,60,6
14.83,-91.54,2377.2,10,9,90,5
14.54,-90.55,1498.79,10,30,521,8
14.58,-90.74,1549,4,3,135,3
14.87,-91.63,2510.8,10,9,99,4
  .  ,   .  ,     .  ,    .  ,30,511,-1
14.56,-90.73,1563.1,10,3,135,4
14.85,-91.52,2097.7,10,9,90,5
14.86,-91.52,2391.5,10,9,90,7
14.66,-90.49,0,800,30,506,6
15.03,-90.88,1494.4,10,14,118,5
  .  ,   .  ,     .  ,    .  ,1,51,6
15.41,-91.95,1128.2,10,13,57,6
14.64,-90.46,1493.43,10,30,517,4
16.93,-89.89,181.2,10,17,83,6
15.31,-90.23,1148.6,10,16,12,1
14.93,-90.66,1213,10,14,120,8
14.63,-90.45,1516.2,10,30,524,6
  .  ,   .  ,     .  ,    .  ,1,43,3
15.04,-91.41,2231.6,13.29,8,163,1
14.54,-91.42,395,5,10,162,7
15.29,-90.12,646.7,13.44,16,13,7
15.11,-89.36,191.1,10,33,169,3
14.57,-90.74,1521,10,3,135,4
14.77,-91.27,2514.3,10,7,153,7
14.69,-90.4,1265.4,10,30,525,5
  .  ,   .  ,     .  ,    .  ,25,125,1
16.79,-90.12,181,10,17,84,8
14.63,-89.99,0,25.74,21,76,7
14.26,-90.13,1319.9,23.09,22,77,-1
14.86,-91.62,2588.8,10.43,9,100,-2
14.23,-90.95,139,5,23,32,4
14.63,-90.53,1762,10,30,501,3
14.64,-90.93,2120.8,10,4,18,3
14.85,-91.51,2332.6,10,9,90,2
14.72,-92.03,95.7,10,12,137,6
14.9,-91.61,2451.3,10,9,92,4
15.3,-91.5,974.2,10,13,58,6
15.41,-91.67,1743.5,12.7,13,65,1
14.96,-91.81,2431.3,10,12,143,3
14.97,-91.79,2329.9,10,12,144,3
14.93,-92,604.3,10,12,140,7
14.72,-92.03,151.9,10,12,137,4
14.58,-91.62,406.9,10,25,127,6
14.52,-90.8,1492.6,59.08,3,131,-2
14.71,-91.87,483.4,10,9,112,9
14.87,-91.56,2459.5,10,9,106,6
14.52,-90.76,1591,10,3,129,3
14.58,-90.73,0,1800,3,135,8
  .  ,   .  ,     .  ,    .  ,3,2,3
15.47,-90.38,1338.9,10,16,1,6
  .  ,   .  ,     .  ,    .  ,3,135,5
14.56,-90.74,1552.2,10,3,135,4
14.59,-90.53,1499.46,10,30,513,-2
14.86,-91.52,1601.2,10,9,90,7
  .  ,   .  ,     .  ,    .  ,10,159,-2
16.2,-89.44,377.8,10,17,87,4
14.57,-90.74,1546.1,10,3,135,5
14.55,-90.74,1542.2,10,3,135,6
14.29,-89.89,894,10,22,79,3
14.83,-91.54,2383.7,10,9,90,7
15.42,-90.33,1394.9,10,16,6,2
14.58,-90.68,1959.8,10,3,134,-1
14.23,-90.95,171.1,10,23,32,3
14.99,-91.62,2794.7,10,9,94,8
15.08,-90.49,1050.4,10,15,14,6
14.66,-90.49,1366.67,10,30,506,8
  .  ,   .  ,     .  ,    .  ,30,507,5
14.2,-89.79,944.9,10,22,81,1
14.65,-90.74,1945.4,10,3,133,7
14.91,-92.06,409.9,10,12,141,4
14.67,-90.46,1522.3,10,30,518,8
  .  ,   .  ,     .  ,    .  ,30,505,6
15.34,-91.02,1868.6,10,14,122,-1
14.29,-89.89,896.2,10,22,79,10
14.82,-90.52,1388.1,10,1,42,4
14.85,-91.51,2373.8,10,9,90,4
15.11,-89.36,139.7,10,33,169,3
14.87,-91.54,2440.4,10,9,90,-1
14.19,-89.79,1023.3,10,22,81,3
14.83,-91.53,2374.7,100.98,9,90,8
  .  ,   .  ,     .  ,    .  ,3,2,8
14.84,-91.5,2381.5,10,9,90,3
15.1,-90.32,946.1,10,15,15,1
14.62,-90.53,1611.1,10,30,503,2
14.6,-91.73,366.5,10,25,128,7
14.58,-90.74,1543,5,3,135,3
  .  ,   .  ,     .  ,    .  ,30,505,8
15.54,-89.33,20.7,10,18,68,7
14.85,-91.51,2238.7,10,9,90,6
14.76,-90.6,1573.5,10,1,50,-1
14.86,-91.94,892.2,10,12,136,3
15.03,-91.15,2023,10,14,113,5
14.58,-90.74,1546.8,10,3,135,4
14.98,-91.55,2661.2,10,9,104,6
14.56,-90.74,1536.3,10,3,135,7
14.84,-91.5,2338.8,10,9,90,3
14.83,-91.51,2333.3,10,9,90,5
14.64,-89.44,671.9,10,20,28,7
15.51,-91.87,1720.5,10,13,61,3
14.09,-91.05,28.3,10,23,33,2
  .  ,   .  ,     .  ,    .  ,30,512,5
14.56,-90.74,1543,10,3,135,8
15.79,-89.6,181.4,10,16,4,4
14.86,-91.52,2385.9,10,9,90,8
14.57,-90.49,1556.3,10,1,51,4
14.85,-91.51,2367.5,10,9,90,3
15.43,-90.33,1266.5,10,16,6,7
14.86,-91.53,2386.8,10,9,90,7
14.76,-90.99,2324.2,10,4,23,6
14.84,-91.51,2328,10,9,90,3
  .  ,   .  ,     .  ,    .  ,1,43,3
14.58,-91.62,386.5,10,25,127,7
14.57,-90.73,1567.5,10,3,135,6
15.42,-91.77,1622.3,10,13,63,1
14.76,-90.6,1582.4,10,1,50,7
14.57,-90.74,1558.1,10,3,135,3
15.81,-89.87,185.5,10,16,2,4
14.99,-90.81,1389.2,10,14,119,3
14.84,-91.53,2365,10,9,90,6
14.54,-91.57,345,10,10,159,2
14.57,-90.73,1560,9,3,135,4
14.66,-90.49,1450.29,10,30,506,4
14.09,-91.05,36.2,10,23,33,6
15.24,-91.49,1701.4,10,13,56,6
14.57,-90.74,1548.7,10,3,135,4
16.79,-90.12,181.9,10,17,84,4
14.57,-90.73,1608.1,10,3,135,3
  .  ,   .  ,     .  ,    .  ,1,40,3
14.67,-90.36,1367.5,10,1,45,3
14.56,-90.73,1543.3,10,3,135,5
14.6,-90.5,1522.5,10,1,54,-1
15.06,-90.24,1023.3,10,15,16,11
14.99,-91.62,2779.1,10,9,94,6
15.73,-88.59,86,10,18,72,9
  .  ,   .  ,     .  ,    .  ,3,2,8
14.84,-91.52,2343,10,9,90,8
14.57,-90.74,1540.7,10,3,135,4
14.65,-90.74,1875,10,3,133,3
14.55,-90.74,1550.2,10,3,135,11
15.31,-90.23,1030.7,10,16,12,1
16.66,-90.29,47,10,17,89,6
14.56,-90.73,1547.2,10,3,135,7
15.29,-90.12,481.6,10,16,13,4
14.81,-89.55,433.1,10,20,26,-2
14.69,-91.02,2209.5,10,4,601,1
14.58,-91.62,394.4,10,25,127,7
  .  ,   .  ,     .  ,    .  ,1,43,6
14.54,-91.57,387.5,10,10,159,4
14.66,-90.48,1491.29,10,30,518,8
15.26,-89.09,107.2,10,18,70,6
14.84,-91.53,2377.3,10,9,90,7
14.58,-90.74,0,300,3,135,7
14.57,-90.74,1555.4,10,3,135,3
14.79,-91.93,541.8,10,12,138,3
14.95,-91.44,2631.7,10,8,168,8
14.54,-90.54,1354.7,10,30,521,5
14.58,-90.51,1536.7,10,30,514,5
14.68,-90.41,1246.4,10,30,525,7
14.86,-91.54,2348.1,10,9,90,8
  .  ,   .  ,     .  ,    .  ,30,514,-1
14.78,-91.48,2106.3,10,9,109,-1
14.86,-91.54,2392.1,10,9,90,7
14.85,-91.52,2366.8,10,9,90,6
14.93,-92,612,10,12,140,4
14.2,-89.79,1024.6,10,22,81,8
15.1,-90.32,924.2,10,15,15,-2
14.66,-91.83,438.6,10,9,110,7
14.54,-91.57,333.1,10,10,159,5
14.68,-90.36,1356.3,10,1,45,9
14.66,-90.47,2389.6,10.47,30,518,6
14.57,-90.74,1534.5,10,3,135,3
14.85,-91.51,2174.9,10,9,90,2
14.56,-90.73,1523.9,10,3,135,4
15.05,-91.63,2653.6,10,9,95,-1
14.94,-91.11,2192.5,20.87,14,114,2
14.77,-91.21,2180.4,10,7,151,4
  .  ,   .  ,     .  ,    .  ,1,51,5
15.49,-91.76,1541.7,10,13,64,5
14.85,-91.52,2353.8,10,9,90,7
14.58,-90.74,1517.9,10,3,135,5
  .  ,   .  ,     .  ,    .  ,20,25,5
15.37,-90.43,1410.4,10,16,9,7
14.82,-90.52,1389.4,10,1,42,-1
15.1,-91.15,2134,10,14,115,3
  .  ,   .  ,     .  ,    .  ,3,2,7
14.84,-91.53,2374.8,10,9,90,6
  .  ,   .  ,     .  ,    .  ,30,507,8
16.78,-90.12,193.5,10,17,84,-2
  .  ,   .  ,     .  ,    .  ,3,135,7
14.83,-91.54,2383,10.11,9,90,6
14.86,-91.53,2392.6,10,9,90,2
15.43,-90.33,1359.2,10,16,6,3
14.57,-90.73,1567.3,10,3,135,8
14.57,-90.73,1552.6,10,3,135,-1
  .  ,   .  ,     .  ,    .  ,30,512,6
14.66,-91.82,543.9,10,9,110,4
14.85,-91.52,2281.5,10,9,90,4
15.32,-89.89,110,10,16,8,-1
  .  ,   .  ,     .  ,    .  ,30,519,4
15.4,-89.64,-2.8,10,16,3,3
14.63,-90.53,1499,10,30,503,7
14.61,-90.81,1798.2,10,4,19,6
14.85,-91.52,2357.2,10,9,90,7
14.66,-89.85,1104.1,10,21,76,7
14.58,-90.5,1566.39,10,30,514,8
15.81,-89.88,168,10,16,2,7
14.33,-91.02,376.5,10,23,39,7
14.86,-91.53,2383.7,10,9,90,4
15.74,-88.6,206,10,18,72,7
15.48,-90.32,1298.9,10,16,7,3
14.28,-89.89,944.1,10,22,79,6
15.26,-89.09,162.2,10,18,70,-1
  .  ,   .  ,     .  ,    .  ,1,49,3
  .  ,   .  ,     .  ,    .  ,23,31,-1
  .  ,   .  ,     .  ,    .  ,3,2,7
15.29,-91.09,1228.6,10,14,121,7
14.92,-91.97,730.8,10,12,139,1
14.58,-90.5,1570.3,10.97,30,514,5
14.88,-91.46,2362,10,9,102,4
14.85,-91.51,2320.9,10,9,90,8
  .  ,   .  ,     .  ,    .  ,27,149,7
14.76,-90.99,2325,10,4,23,6
14.66,-90.44,1475.53,10,30,518,7
14.77,-91.21,2205.2,10,7,151,4
15.48,-90.31,1293.6,10,16,7,-1
15.62,-91.89,946.4,10,13,60,3
14.28,-90.3,943,10,22,77,6
14.92,-91.61,2449.4,10,9,93,-1
14.95,-91.81,2447.1,10,12,143,7
14.68,-90.92,2028.3,10,4,22,1
15.35,-90.87,1865.3,10,14,123,-1
16.34,-89.42,509.3,10,17,85,3
15.1,-91.15,2042.5,21.38,14,115,2
16.34,-89.42,490.8,10,17,85,6
14.68,-90.92,2073.1,10,4,18,2
  .  ,   .  ,     .  ,    .  ,30,519,7
15.48,-88.83,85.8,10,18,72,-1
  .  ,   .  ,     .  ,    .  ,3,132,3
14.62,-90.45,1327.6,10,30,524,8
14.66,-90.49,1493.7,10,30,506,8
  .  ,   .  ,     .  ,    .  ,3,135,3
  .  ,   .  ,     .  ,    .  ,3,2,7
  .  ,   .  ,     .  ,    .  ,30,511,-1
14.6,-90.68,2102.5,10,3,2,3
14.84,-91.54,2303.1,10,9,90,6
  .  ,   .  ,     .  ,    .  ,3,135,8
14.31,-90.97,361.3,10,23,38,6
15.79,-89.6,203.3,10,16,4,5
15.41,-91.67,1717.6,10,13,65,4
14.62,-90.53,1538.3,10,30,503,7
14.54,-91.68,320.1,24.86,25,126,-2
14.64,-90.5,0,900,30,501,3
14.65,-90.45,22.2,10,30,517,5
14.85,-91.52,2383.3,10,9,90,7
15.25,-91.5,1693.7,10,13,56,-1
14.52,-90.76,1578.5,10,3,129,3
14.64,-90.46,1531.3,10,30,517,6
14.58,-91.46,630.6,10,10,160,2
14.77,-91.27,2545.1,10,7,153,3
15.47,-90.37,1357.4,10,16,1,5
14.86,-91.93,948.2,10,12,136,-1
14.85,-91.51,2329.7,10,9,90,4
14.63,-89.98,1362.4,10,21,73,8
14.61,-90.68,2107.1,10,3,2,6
14.84,-91.32,2486.9,10,7,154,1
14.7,-91.86,484.8,10,9,112,7
14.77,-90.37,909.2,10,1,47,8
15.07,-91.65,2621,10,9,96,6
14.63,-90.44,1458.3,10,30,524,2
14.84,-91.53,2347,10,9,90,6
14.66,-90.48,1500.37,10,30,518,6
14.58,-90.74,1549,8,3,135,3
14.57,-90.74,1503.5,10,3,135,3
14.85,-91.51,0,25.28,9,90,3
14.64,-89.44,692.1,10,20,28,5
14.9,-91.62,2453.7,10,9,90,3
14.66,-90.44,1561.5,10,30,518,2
  .  ,   .  ,     .  ,    .  ,30,521,-2
14.55,-90.74,1537.1,10,3,135,3
14.84,-91.32,2508.7,10,7,154,4
14.58,-90.74,1555.8,10,3,135,8
14.64,-90.5,1452.01,10,30,501,4
  .  ,   .  ,     .  ,    .  ,30,511,-1
14.77,-91.22,2201.8,10,7,151,-1
14.54,-91.68,248.4,10,25,126,4
15.48,-90.31,1296.6,10,16,7,-2
14.84,-91.54,2381.4,10,9,90,3
  .  ,   .  ,     .  ,    .  ,1,44,3
  .  ,   .  ,     .  ,    .  ,24,29,6
15.37,-90.43,1380.1,10,16,9,4
14.85,-91.52,2343.4,10,9,90,8
14.58,-90.74,1575,10,3,135,7
14.58,-90.73,0,1800,3,135,6
14.85,-91.51,0,25.28,9,90,1
14.89,-91.51,2403.4,10.7,9,103,4
15.41,-91.67,1746.8,10,13,65,3
15.8,-91.75,824.2,10,13,67,3
14.62,-90.45,1483.2,10,30,524,4
  .  ,   .  ,     .  ,    .  ,1,40,-1
15.42,-91.77,1627.9,10,13,67,4
14.08,-91.05,36.6,10,23,33,3
13.93,-91.15,-1.1,10,23,34,7
16.93,-89.89,120,10,17,83,6
14.58,-90.74,1547.1,10,3,135,4
14.57,-90.73,1566,4,3,135,-2
14.82,-91.64,2465.4,10,9,107,1
  .  ,   .  ,     .  ,    .  ,3,2,6
15.63,-91.89,922.8,10,13,60,11
14.99,-90.81,1410.2,10,14,119,-2
15.04,-89.58,217.1,10,33,171,7
15.42,-91.77,1627.9,10,13,63,3
14.67,-90.46,1559.3,10,30,518,7
14.85,-91.51,2926.1,10,9,90,8
15.08,-91.45,2128,10,8,167,10
14.56,-90.73,1548.6,10,3,135,7
14.83,-91.51,2362.3,10,9,90,3
14.69,-90.4,1285.2,13.61,30,525,7
  .  ,   .  ,     .  ,    .  ,30,505,6
15.54,-89.33,20.7,10,18,68,1
14.65,-90.79,1773.1,10,4,24,3
15.34,-91.31,1630.9,12,13,59,7
  .  ,   .  ,     .  ,    .  ,30,507,7
  .  ,   .  ,     .  ,    .  ,30,505,5
14.62,-90.53,0,23.17,30,503,8
14.94,-91.83,2498.3,10,12,146,5
15.02,-90.88,1512.2,10,14,118,6
14.84,-91.53,2379.5,10,9,90,8
  .  ,   .  ,     .  ,    .  ,30,513,-2
15.37,-90.43,1423.1,10,16,9,6
14.86,-91.53,2388.7,10,9,90,4
14.62,-89.62,784.4,10,20,27,6
14.83,-91.54,2360.1,10,9,90,8
14.62,-90.48,1349,10,30,516,7
15.4,-89.64,91.7,10,16,3,8
14.84,-91.52,2333.4,10,9,90,8
15.05,-91.64,2612.1,10,9,95,7
14.6,-90.52,1519,17.33,27,149,6
15.49,-91.77,1541.9,10,13,64,4
  .  ,   .  ,     .  ,    .  ,3,2,7
14.58,-90.68,1987.6,10,3,134,6
15.05,-91.63,2654.9,10,9,95,1
  .  ,   .  ,     .  ,    .  ,30,514,8
14.76,-90.59,1596.2,10,1,50,4
14.84,-91.53,2358.1,10,9,90,8
  .  ,   .  ,     .  ,    .  ,9,98,5
14.85,-91.62,2591.8,10,9,100,2
14.84,-91.53,2306.1,10,9,90,5
14.65,-90.79,1836.5,10,4,24,11
14.85,-91.51,2333,10,9,90,4
14.72,-92.03,119.5,10,12,137,7
  .  ,   .  ,     .  ,    .  ,13,63,7
14.64,-90.46,1508.8,10,30,517,10
14.54,-91.41,401.3,10,10,162,3
14.58,-90.51,1514.99,10,30,514,8
14.83,-91.54,2379.3,10,9,90,7
15.4,-89.64,25.9,10,16,3,1
  .  ,   .  ,     .  ,    .  ,3,2,3
14.84,-91.53,2356.5,10,9,90,6
14.82,-89.39,475.2,10,20,25,2
15.35,-90.87,1849.1,10,14,123,3
14.8,-89.55,418.6,10,20,26,7
  .  ,   .  ,     .  ,    .  ,3,135,-2
15.81,-89.87,160.2,10,16,2,7
14.51,-91.51,285.1,10,10,157,6
14.65,-91.56,910.8,10,9,108,3
14.91,-91.98,700.5,10,12,139,2
  .  ,   .  ,     .  ,    .  ,30,512,7
14.93,-91.91,1036.8,10,12,142,5
14.58,-90.74,0,1700,3,135,4
14.62,-90.48,2372.2,10,30,516,3
  .  ,   .  ,     .  ,    .  ,30,511,4
14.85,-91.52,2370,10,9,90,4
14.85,-91.51,2365.1,10,9,90,8
14.86,-91.52,2336.9,10.11,9,90,8
14.86,-91.54,2388.3,10,9,90,8
14.36,-89.85,970.4,10,22,78,4
  .  ,   .  ,     .  ,    .  ,23,36,8
14.76,-90.37,912.1,10,1,47,-2
15.36,-91.46,2005,10,13,55,6
15.07,-91.65,2632.9,10,9,96,7
14.57,-90.74,1617.1,10,3,135,8
14.69,-91.02,2240.3,10,4,601,1
14.58,-90.74,1541,4,3,135,3
14.63,-90.44,1509.09,10,30,524,4
14.57,-90.74,1575.2,10,3,135,8
15.37,-90.48,1441.5,10,16,5,1
14.68,-90.92,2072.3,10,4,22,6
16.66,-90.29,122.7,10,17,89,3
14.6,-91.73,385.2,10,25,128,4
15.53,-89.34,41.4,10,18,68,8
  .  ,   .  ,     .  ,    .  ,30,505,8
  .  ,   .  ,     .  ,    .  ,30,508,-1
14.66,-90.57,1587.7,10,30,519,3
14.86,-91.93,919.5,10,12,136,3
15.05,-91.41,2224.5,13.2,8,163,5
14.65,-90.51,1458,10,30,502,1
15.34,-91.31,1677.3,10,13,59,3
14.85,-91.51,2387.4,10,9,90,7
14.7,-91.86,495.2,10,9,112,5
14.67,-90.36,1330.7,10,1,45,4
14.58,-90.68,1955.1,10,3,134,1
14.85,-91.52,2348,10,9,90,3
14.58,-90.5,1475.7,10,30,514,9
14.76,-90.59,1591,31.8,1,50,7
  .  ,   .  ,     .  ,    .  ,30,512,8
14.57,-90.73,1565.4,10,3,135,3
  .  ,   .  ,     .  ,    .  ,3,135,4
14.8,-89.54,0,72.9,20,28,2
14.67,-90.82,1797.3,10,4,17,1
14.84,-91.32,2482.8,10,7,154,-1
14.65,-90.74,1919.4,10,3,133,5
14.09,-91.05,36.9,10,23,33,6
14.58,-90.54,1509.16,10,30,513,7
  .  ,   .  ,     .  ,    .  ,1,51,7
14.59,-91.73,413.2,10,25,128,5
15.04,-89.58,195.3,10,33,171,4
14.96,-91.73,2346.5,10,12,145,3
14.93,-91.53,2661.6,10,9,105,1
14.17,-89.75,709.9,10,22,80,3
  .  ,   .  ,     .  ,    .  ,23,35,5
14.83,-91.51,2349.3,10,9,90,8
14.87,-91.63,2499.6,10,9,99,3
14.53,-91.51,356.8,10,10,158,7
16.79,-90.12,173.9,10,17,89,4
14.62,-89.62,863.1,10,20,27,2
14.58,-90.68,1977.1,19.85,3,134,6
14.6,-90.5,1517.5,10,30,515,-1
14.86,-91.53,2375.8,10,9,90,6
14.99,-90.81,1434.3,10,14,119,3
14.66,-90.57,1628.09,10,30,518,8
  .  ,   .  ,     .  ,    .  ,30,512,4
  .  ,   .  ,     .  ,    .  ,30,511,6
14.58,-90.74,0,32.21,3,135,3
14.58,-90.74,1630.6,10,3,135,4
  .  ,   .  ,     .  ,    .  ,30,507,8
14.57,-90.73,1594.5,10,3,135,-1
14.64,-90.5,1519.2,10,30,501,9
14.66,-90.57,1611.72,10,30,519,8
14.87,-91.52,2408.3,10,9,90,8
14.59,-91.52,635.4,10,10,161,8
14.84,-91.52,2341.8,10,9,90,6
14.2,-90.85,124.6,10,23,37,7
  .  ,   .  ,     .  ,    .  ,1,43,5
14.91,-91.44,2308.9,10,8,164,8
14.56,-90.73,1556.5,12.69,3,135,6
14.69,-90.4,1270,10,30,525,-1
14.55,-90.73,1533.1,10,3,135,8
14.08,-91.05,-4.8,10,23,33,6
14.82,-90.91,1992.3,10,4,20,3
14.92,-91.61,2441.8,10,9,93,1
  .  ,   .  ,     .  ,    .  ,1,53,4
14.94,-92,627.6,10,12,140,3
